Schema Version,Order of entry,Record Type,Session Label,Session ID,Metadata Field,Metadata Value,Event,Date,Location,Chair,Vice-Chair,Secretary,Treasurer,Arranger(s),Chaplain(s),Memorial Lesson Leader,Book,Edition Code,Leader(s),Canonical Leader(s),Page,Song,Tag,Notes,Marker,Timestamp ISO,Time entered,Series Code,Event ID,Previous Event ID,Status
5,1,session,"Thursday, June 15",skjsg9vv,,,National Sacred Harp Convention,2000-06-15,"Trinity United Methodist Church, Birmingham, Alabama",Buell Cobb,Mark Davis,Kathy Williams,,"Catherine Oss, Rosemary Greenaway, Cindy Franklin",Tom Owen,,,,,,,,,,,2026-07-20T16:34:30.782Z,4:34 PM,,,,
5,2,song,,skjsg9vv,,,National Sacred Harp Convention,2000-06-15,"Trinity United Methodist Church, Birmingham, Alabama",Buell Cobb,Mark Davis,Kathy Williams,,"Catherine Oss, Rosemary Greenaway, Cindy Franklin",Tom Owen,,SHM1991,SHM1991,Buell Cobb,,31b,Webster,,Called the class to order; Tom Owen led the morning prayer,,2026-07-20T16:34:30.800Z,4:34 PM,,,,
5,3,song,,skjsg9vv,,,National Sacred Harp Convention,2000-06-15,"Trinity United Methodist Church, Birmingham, Alabama",Buell Cobb,Mark Davis,Kathy Williams,,"Catherine Oss, Rosemary Greenaway, Cindy Franklin",Tom Owen,,SHM1991,SHM1991,Mark Davis,,61,Sweet Rivers,,,,2026-07-20T16:34:30.820Z,4:34 PM,,,,
5,4,song,,skjsg9vv,,,National Sacred Harp Convention,2000-06-15,"Trinity United Methodist Church, Birmingham, Alabama",Buell Cobb,Mark Davis,Kathy Williams,,"Catherine Oss, Rosemary Greenaway, Cindy Franklin",Tom Owen,,SHM1991,SHM1991,Kathy Williams,,539,Supplication,,,,2026-07-20T16:34:30.839Z,4:34 PM,,,,
5,5,song,,skjsg9vv,,,National Sacred Harp Convention,2000-06-15,"Trinity United Methodist Church, Birmingham, Alabama",Buell Cobb,Mark Davis,Kathy Williams,,"Catherine Oss, Rosemary Greenaway, Cindy Franklin",Tom Owen,,SHM1991,SHM1991,Mike Hinton,,373,Homeward Bound,,,,2026-07-20T16:34:30.863Z,4:34 PM,,,,
5,6,song,,skjsg9vv,,,National Sacred Harp Convention,2000-06-15,"Trinity United Methodist Church, Birmingham, Alabama",Buell Cobb,Mark Davis,Kathy Williams,,"Catherine Oss, Rosemary Greenaway, Cindy Franklin",Tom Owen,,SHM1991,SHM1991,John Redman,,236,Easter Anthem,,,,2026-07-20T16:34:30.885Z,4:34 PM,,,,
5,7,song,,skjsg9vv,,,National Sacred Harp Convention,2000-06-15,"Trinity United Methodist Church, Birmingham, Alabama",Buell Cobb,Mark Davis,Kathy Williams,,"Catherine Oss, Rosemary Greenaway, Cindy Franklin",Tom Owen,,SHM1991,SHM1991,Don Bowen,,99,Gospel Trumpet,,,,2026-07-20T16:34:30.904Z,4:34 PM,,,,
5,8,song,,skjsg9vv,,,National Sacred Harp Convention,2000-06-15,"Trinity United Methodist Church, Birmingham, Alabama",Buell Cobb,Mark Davis,Kathy Williams,,"Catherine Oss, Rosemary Greenaway, Cindy Franklin",Tom Owen,,SHM1991,SHM1991,Henry Guthery,,39b,Sharpsburg,,,,2026-07-20T16:34:30.928Z,4:34 PM,,,,
5,9,song,,skjsg9vv,,,National Sacred Harp Convention,2000-06-15,"Trinity United Methodist Church, Birmingham, Alabama",Buell Cobb,Mark Davis,Kathy Williams,,"Catherine Oss, Rosemary Greenaway, Cindy Franklin",Tom Owen,,SHM1991,SHM1991,Latisha Crocker,,490,My Shepherd Guides,,,,2026-07-20T16:34:30.959Z,4:34 PM,,,,
5,10,song,,skjsg9vv,,,National Sacred Harp Convention,2000-06-15,"Trinity United Methodist Church, Birmingham, Alabama",Buell Cobb,Mark Davis,Kathy Williams,,"Catherine Oss, Rosemary Greenaway, Cindy Franklin",Tom Owen,,SHM1991,SHM1991,J.L. Hopper,,198,Green Street,,,,2026-07-20T16:34:30.996Z,4:34 PM,,,,
5,11,song,,skjsg9vv,,,National Sacred Harp Convention,2000-06-15,"Trinity United Methodist Church, Birmingham, Alabama",Buell Cobb,Mark Davis,Kathy Williams,,"Catherine Oss, Rosemary Greenaway, Cindy Franklin",Tom Owen,,SHM1991,SHM1991,Kathy Robinson,,546,My Brightest Days,,,,2026-07-20T16:34:31.033Z,4:34 PM,,,,
5,12,song,,skjsg9vv,,,National Sacred Harp Convention,2000-06-15,"Trinity United Methodist Church, Birmingham, Alabama",Buell Cobb,Mark Davis,Kathy Williams,,"Catherine Oss, Rosemary Greenaway, Cindy Franklin",Tom Owen,,SHM1991,SHM1991,Ottis Sides,,75,I Would See Jesus,,,,2026-07-20T16:34:31.052Z,4:34 PM,,,,
5,13,song,,skjsg9vv,,,National Sacred Harp Convention,2000-06-15,"Trinity United Methodist Church, Birmingham, Alabama",Buell Cobb,Mark Davis,Kathy Williams,,"Catherine Oss, Rosemary Greenaway, Cindy Franklin",Tom Owen,,SHM1991,SHM1991,Sherry Guthery,,340,Odem (Second),,,,2026-07-20T16:34:31.080Z,4:34 PM,,,,
5,14,song,,skjsg9vv,,,National Sacred Harp Convention,2000-06-15,"Trinity United Methodist Church, Birmingham, Alabama",Buell Cobb,Mark Davis,Kathy Williams,,"Catherine Oss, Rosemary Greenaway, Cindy Franklin",Tom Owen,,SHM1991,SHM1991,Frank Hataway,,565,The Hill of Zion,,,,2026-07-20T16:34:31.106Z,4:34 PM,,,,
5,15,song,,skjsg9vv,,,National Sacred Harp Convention,2000-06-15,"Trinity United Methodist Church, Birmingham, Alabama",Buell Cobb,Mark Davis,Kathy Williams,,"Catherine Oss, Rosemary Greenaway, Cindy Franklin",Tom Owen,,SHM1991,SHM1991,Kathleen Robbins,,535,Shawmut,,,,2026-07-20T16:34:31.161Z,4:34 PM,,,,
5,16,song,,skjsg9vv,,,National Sacred Harp Convention,2000-06-15,"Trinity United Methodist Church, Birmingham, Alabama",Buell Cobb,Mark Davis,Kathy Williams,,"Catherine Oss, Rosemary Greenaway, Cindy Franklin",Tom Owen,,SHM1991,SHM1991,Donald Smith,,35,Saints Bound For Heaven,,,,2026-07-20T16:34:31.202Z,4:34 PM,,,,
5,17,song,,skjsg9vv,,,National Sacred Harp Convention,2000-06-15,"Trinity United Methodist Church, Birmingham, Alabama",Buell Cobb,Mark Davis,Kathy Williams,,"Catherine Oss, Rosemary Greenaway, Cindy Franklin",Tom Owen,,SHM1991,SHM1991,Gaston White,,159,Wondrous Love,,,,2026-07-20T16:34:31.252Z,4:34 PM,,,,
5,18,song,,skjsg9vv,,,National Sacred Harp Convention,2000-06-15,"Trinity United Methodist Church, Birmingham, Alabama",Buell Cobb,Mark Davis,Kathy Williams,,"Catherine Oss, Rosemary Greenaway, Cindy Franklin",Tom Owen,,SHM1991,SHM1991,Henry Johnson,,418,Reese,,,,2026-07-20T16:34:31.309Z,4:34 PM,,,,
5,19,marker,,skjsg9vv,,,National Sacred Harp Convention,2000-06-15,"Trinity United Methodist Church, Birmingham, Alabama",Buell Cobb,Mark Davis,Kathy Williams,,"Catherine Oss, Rosemary Greenaway, Cindy Franklin",Tom Owen,,,,,,,,,,RECESS,2026-07-20T16:34:31.338Z,4:34 PM,,,,
5,20,song,,skjsg9vv,,,National Sacred Harp Convention,2000-06-15,"Trinity United Methodist Church, Birmingham, Alabama",Buell Cobb,Mark Davis,Kathy Williams,,"Catherine Oss, Rosemary Greenaway, Cindy Franklin",Tom Owen,,SHM1991,SHM1991,Henry Guthery,,88t,Done With the World,Call Back,Called the class back to order,,2026-07-20T16:34:31.376Z,4:34 PM,,,,
5,21,song,,skjsg9vv,,,National Sacred Harp Convention,2000-06-15,"Trinity United Methodist Church, Birmingham, Alabama",Buell Cobb,Mark Davis,Kathy Williams,,"Catherine Oss, Rosemary Greenaway, Cindy Franklin",Tom Owen,,SHM1991,SHM1991,Steven Schmidgall,,496,The Rock That is Higher Than I,,,,2026-07-20T16:34:31.428Z,4:34 PM,,,,
5,22,song,,skjsg9vv,,,National Sacred Harp Convention,2000-06-15,"Trinity United Methodist Church, Birmingham, Alabama",Buell Cobb,Mark Davis,Kathy Williams,,"Catherine Oss, Rosemary Greenaway, Cindy Franklin",Tom Owen,,SHM1991,SHM1991,Sheri Taylor,,84,Amsterdam,,,,2026-07-20T16:34:31.475Z,4:34 PM,,,,
5,23,song,,skjsg9vv,,,National Sacred Harp Convention,2000-06-15,"Trinity United Methodist Church, Birmingham, Alabama",Buell Cobb,Mark Davis,Kathy Williams,,"Catherine Oss, Rosemary Greenaway, Cindy Franklin",Tom Owen,,SHM1991,SHM1991,Willie Mae Moon,,217,Ballstown,,,,2026-07-20T16:34:31.509Z,4:34 PM,,,,
5,24,song,,skjsg9vv,,,National Sacred Harp Convention,2000-06-15,"Trinity United Methodist Church, Birmingham, Alabama",Buell Cobb,Mark Davis,Kathy Williams,,"Catherine Oss, Rosemary Greenaway, Cindy Franklin",Tom Owen,,SHM1991,SHM1991,Judy Caudle,,234,Reverential Anthem,,,,2026-07-20T16:34:31.548Z,4:34 PM,,,,
5,25,song,,skjsg9vv,,,National Sacred Harp Convention,2000-06-15,"Trinity United Methodist Church, Birmingham, Alabama",Buell Cobb,Mark Davis,Kathy Williams,,"Catherine Oss, Rosemary Greenaway, Cindy Franklin",Tom Owen,,SHM1991,SHM1991,Odom Hawkins,,147t,Boylston,,,,2026-07-20T16:34:31.627Z,4:34 PM,,,,
5,26,song,,skjsg9vv,,,National Sacred Harp Convention,2000-06-15,"Trinity United Methodist Church, Birmingham, Alabama",Buell Cobb,Mark Davis,Kathy Williams,,"Catherine Oss, Rosemary Greenaway, Cindy Franklin",Tom Owen,,SHM1991,SHM1991,Betty Shaver,,454,The Better Land,,,,2026-07-20T16:34:31.659Z,4:34 PM,,,,
5,27,song,,skjsg9vv,,,National Sacred Harp Convention,2000-06-15,"Trinity United Methodist Church, Birmingham, Alabama",Buell Cobb,Mark Davis,Kathy Williams,,"Catherine Oss, Rosemary Greenaway, Cindy Franklin",Tom Owen,,SHM1991,SHM1991,Bill Hogan,,207,Louisiana,,,,2026-07-20T16:34:31.703Z,4:34 PM,,,,
5,28,song,,skjsg9vv,,,National Sacred Harp Convention,2000-06-15,"Trinity United Methodist Church, Birmingham, Alabama",Buell Cobb,Mark Davis,Kathy Williams,,"Catherine Oss, Rosemary Greenaway, Cindy Franklin",Tom Owen,,SHM1991,SHM1991,Pauline Childers,,384,Panting For Heaven,,,,2026-07-20T16:34:31.757Z,4:34 PM,,,,
5,29,song,,skjsg9vv,,,National Sacred Harp Convention,2000-06-15,"Trinity United Methodist Church, Birmingham, Alabama",Buell Cobb,Mark Davis,Kathy Williams,,"Catherine Oss, Rosemary Greenaway, Cindy Franklin",Tom Owen,,SHM1991,SHM1991,Bob Bonnell,,503,Lloyd,,,,2026-07-20T16:34:31.802Z,4:34 PM,,,,
5,30,song,,skjsg9vv,,,National Sacred Harp Convention,2000-06-15,"Trinity United Methodist Church, Birmingham, Alabama",Buell Cobb,Mark Davis,Kathy Williams,,"Catherine Oss, Rosemary Greenaway, Cindy Franklin",Tom Owen,,SHM1991,SHM1991,Flarce Creel,,475,A Thankful Heart,,,,2026-07-20T16:34:31.855Z,4:34 PM,,,,
5,31,song,,skjsg9vv,,,National Sacred Harp Convention,2000-06-15,"Trinity United Methodist Church, Birmingham, Alabama",Buell Cobb,Mark Davis,Kathy Williams,,"Catherine Oss, Rosemary Greenaway, Cindy Franklin",Tom Owen,,SHM1991,SHM1991,"Freeman Wootten, Jewell Wootten",Freeman Wootten and Jewell Wootten,82t,Bound For Canaan,,,,2026-07-20T16:34:31.897Z,4:34 PM,,,,
5,32,song,,skjsg9vv,,,National Sacred Harp Convention,2000-06-15,"Trinity United Methodist Church, Birmingham, Alabama",Buell Cobb,Mark Davis,Kathy Williams,,"Catherine Oss, Rosemary Greenaway, Cindy Franklin",Tom Owen,,SHM1991,SHM1991,Gene Wakefield,,284,Garden Hymn,,,,2026-07-20T16:34:31.940Z,4:34 PM,,,,
5,33,song,,skjsg9vv,,,National Sacred Harp Convention,2000-06-15,"Trinity United Methodist Church, Birmingham, Alabama",Buell Cobb,Mark Davis,Kathy Williams,,"Catherine Oss, Rosemary Greenaway, Cindy Franklin",Tom Owen,,SHM1991,SHM1991,"Wanda Capps, Shelley Capps",Wanda Capps and Shelley Capps,73t,Cusseta,,,,2026-07-20T16:34:31.987Z,4:34 PM,,,,
5,34,song,,skjsg9vv,,,National Sacred Harp Convention,2000-06-15,"Trinity United Methodist Church, Birmingham, Alabama",Buell Cobb,Mark Davis,Kathy Williams,,"Catherine Oss, Rosemary Greenaway, Cindy Franklin",Tom Owen,,SHM1991,SHM1991,Edward Howton,,436,Morning Sun,,,,2026-07-20T16:34:32.023Z,4:34 PM,,,,
5,35,song,,skjsg9vv,,,National Sacred Harp Convention,2000-06-15,"Trinity United Methodist Church, Birmingham, Alabama",Buell Cobb,Mark Davis,Kathy Williams,,"Catherine Oss, Rosemary Greenaway, Cindy Franklin",Tom Owen,,SHM1991,SHM1991,Edith Tate,,532,Peace and Joy,,,,2026-07-20T16:34:32.061Z,4:34 PM,,,,
5,36,marker,,skjsg9vv,,,National Sacred Harp Convention,2000-06-15,"Trinity United Methodist Church, Birmingham, Alabama",Buell Cobb,Mark Davis,Kathy Williams,,"Catherine Oss, Rosemary Greenaway, Cindy Franklin",Tom Owen,,,,,,,,,,RECESS,2026-07-20T16:34:32.123Z,4:34 PM,,,,
5,37,song,,skjsg9vv,,,National Sacred Harp Convention,2000-06-15,"Trinity United Methodist Church, Birmingham, Alabama",Buell Cobb,Mark Davis,Kathy Williams,,"Catherine Oss, Rosemary Greenaway, Cindy Franklin",Tom Owen,,SHM1991,SHM1991,Cindy Franklin,,269,Bear Creek,Call Back,"Business session: officers and committees confirmed for the year (Chairman—Buell Cobb; Vice Chairman—Mark Davis; Chaplain—Tom Owen; Secretary—Kathy Williams, all already serving) — Arranging—Catherine Oss, Rosemary Greenaway, Cindy Franklin; Finance—Don Bowen, John Redman; Resolutions—Richard Mauldin, Sharona Nelson; Memorial—Lee Rogers, Mike Hinton",,2026-07-20T16:34:32.163Z,4:34 PM,,,,
5,38,song,,skjsg9vv,,,National Sacred Harp Convention,2000-06-15,"Trinity United Methodist Church, Birmingham, Alabama",Buell Cobb,Mark Davis,Kathy Williams,,"Catherine Oss, Rosemary Greenaway, Cindy Franklin",Tom Owen,,SHM1991,SHM1991,Travis Keeton,,270,Confidence,,,,2026-07-20T16:34:32.207Z,4:34 PM,,,,
5,39,song,,skjsg9vv,,,National Sacred Harp Convention,2000-06-15,"Trinity United Methodist Church, Birmingham, Alabama",Buell Cobb,Mark Davis,Kathy Williams,,"Catherine Oss, Rosemary Greenaway, Cindy Franklin",Tom Owen,,SHM1991,SHM1991,Linda Sides,,480,Redemption,,,,2026-07-20T16:34:32.254Z,4:34 PM,,,,
5,40,song,,skjsg9vv,,,National Sacred Harp Convention,2000-06-15,"Trinity United Methodist Church, Birmingham, Alabama",Buell Cobb,Mark Davis,Kathy Williams,,"Catherine Oss, Rosemary Greenaway, Cindy Franklin",Tom Owen,,SHM1991,SHM1991,Mary Alice Wakefield,,63,Coronation,,,,2026-07-20T16:34:32.300Z,4:34 PM,,,,
5,41,song,,skjsg9vv,,,National Sacred Harp Convention,2000-06-15,"Trinity United Methodist Church, Birmingham, Alabama",Buell Cobb,Mark Davis,Kathy Williams,,"Catherine Oss, Rosemary Greenaway, Cindy Franklin",Tom Owen,,SHM1991,SHM1991,Ginnie Prater,,186,Sherburne,,,,2026-07-20T16:34:32.358Z,4:34 PM,,,,
5,42,song,,skjsg9vv,,,National Sacred Harp Convention,2000-06-15,"Trinity United Methodist Church, Birmingham, Alabama",Buell Cobb,Mark Davis,Kathy Williams,,"Catherine Oss, Rosemary Greenaway, Cindy Franklin",Tom Owen,,SHM1991,SHM1991,Cassie Franklin,,216,Delight,,,,2026-07-20T16:34:32.413Z,4:34 PM,,,,
5,43,song,,skjsg9vv,,,National Sacred Harp Convention,2000-06-15,"Trinity United Methodist Church, Birmingham, Alabama",Buell Cobb,Mark Davis,Kathy Williams,,"Catherine Oss, Rosemary Greenaway, Cindy Franklin",Tom Owen,,SHM1991,SHM1991,Tim Eriksen,,277,Antioch,,,,2026-07-20T16:34:32.450Z,4:34 PM,,,,
5,44,song,,skjsg9vv,,,National Sacred Harp Convention,2000-06-15,"Trinity United Methodist Church, Birmingham, Alabama",Buell Cobb,Mark Davis,Kathy Williams,,"Catherine Oss, Rosemary Greenaway, Cindy Franklin",Tom Owen,,SHM1991,SHM1991,Louise Holland,,58,Pisgah,,,,2026-07-20T16:34:32.507Z,4:34 PM,,,,
5,45,song,,skjsg9vv,,,National Sacred Harp Convention,2000-06-15,"Trinity United Methodist Church, Birmingham, Alabama",Buell Cobb,Mark Davis,Kathy Williams,,"Catherine Oss, Rosemary Greenaway, Cindy Franklin",Tom Owen,,SHM1991,SHM1991,Floy Wilder,,183,Greenwich,,,,2026-07-20T16:34:32.560Z,4:34 PM,,,,
5,46,song,,skjsg9vv,,,National Sacred Harp Convention,2000-06-15,"Trinity United Methodist Church, Birmingham, Alabama",Buell Cobb,Mark Davis,Kathy Williams,,"Catherine Oss, Rosemary Greenaway, Cindy Franklin",Tom Owen,,SHM1991,SHM1991,Sarah Coates,,224,"Save, Lord, or We Perish",,,,2026-07-20T16:34:32.609Z,4:34 PM,,,,
5,47,song,,skjsg9vv,,,National Sacred Harp Convention,2000-06-15,"Trinity United Methodist Church, Birmingham, Alabama",Buell Cobb,Mark Davis,Kathy Williams,,"Catherine Oss, Rosemary Greenaway, Cindy Franklin",Tom Owen,,SHM1991,SHM1991,Warren Steel,,556,Portland,,,,2026-07-20T16:34:32.665Z,4:34 PM,,,,
5,48,song,,skjsg9vv,,,National Sacred Harp Convention,2000-06-15,"Trinity United Methodist Church, Birmingham, Alabama",Buell Cobb,Mark Davis,Kathy Williams,,"Catherine Oss, Rosemary Greenaway, Cindy Franklin",Tom Owen,,SHM1991,SHM1991,LaRue Allen,,280,Westford,,,,2026-07-20T16:34:32.720Z,4:34 PM,,,,
5,49,song,,skjsg9vv,,,National Sacred Harp Convention,2000-06-15,"Trinity United Methodist Church, Birmingham, Alabama",Buell Cobb,Mark Davis,Kathy Williams,,"Catherine Oss, Rosemary Greenaway, Cindy Franklin",Tom Owen,,SHM1991,SHM1991,Cathryn Baker,,472,Akin,,,,2026-07-20T16:34:32.877Z,4:34 PM,,,,
5,50,song,,skjsg9vv,,,National Sacred Harp Convention,2000-06-15,"Trinity United Methodist Church, Birmingham, Alabama",Buell Cobb,Mark Davis,Kathy Williams,,"Catherine Oss, Rosemary Greenaway, Cindy Franklin",Tom Owen,,SHM1991,SHM1991,Reed Coates,,222,Ocean,,,,2026-07-20T16:34:32.942Z,4:34 PM,,,,
5,51,song,,skjsg9vv,,,National Sacred Harp Convention,2000-06-15,"Trinity United Methodist Church, Birmingham, Alabama",Buell Cobb,Mark Davis,Kathy Williams,,"Catherine Oss, Rosemary Greenaway, Cindy Franklin",Tom Owen,,SHM1991,SHM1991,Henry McGuire,,365,Southwell,,,,2026-07-20T16:34:33.000Z,4:34 PM,,,,
5,52,song,,skjsg9vv,,,National Sacred Harp Convention,2000-06-15,"Trinity United Methodist Church, Birmingham, Alabama",Buell Cobb,Mark Davis,Kathy Williams,,"Catherine Oss, Rosemary Greenaway, Cindy Franklin",Tom Owen,,SHM1991,SHM1991,Coy Ivey,,298,Providence,,,,2026-07-20T16:34:33.050Z,4:34 PM,,,,
5,53,song,,skjsg9vv,,,National Sacred Harp Convention,2000-06-15,"Trinity United Methodist Church, Birmingham, Alabama",Buell Cobb,Mark Davis,Kathy Williams,,"Catherine Oss, Rosemary Greenaway, Cindy Franklin",Tom Owen,,SHM1991,SHM1991,Nancy Van Den Akker,,223,Portuguese Hymn,,,,2026-07-20T16:34:33.125Z,4:34 PM,,,,
5,54,song,,skjsg9vv,,,National Sacred Harp Convention,2000-06-15,"Trinity United Methodist Church, Birmingham, Alabama",Buell Cobb,Mark Davis,Kathy Williams,,"Catherine Oss, Rosemary Greenaway, Cindy Franklin",Tom Owen,,SHM1991,SHM1991,Mike Grimes,,49b,Mear,,,,2026-07-20T16:34:33.179Z,4:34 PM,,,,
5,55,song,,skjsg9vv,,,National Sacred Harp Convention,2000-06-15,"Trinity United Methodist Church, Birmingham, Alabama",Buell Cobb,Mark Davis,Kathy Williams,,"Catherine Oss, Rosemary Greenaway, Cindy Franklin",Tom Owen,,SHM1991,SHM1991,Janet Fraembs,,448t,Consecration,,,,2026-07-20T16:34:33.233Z,4:34 PM,,,,
5,56,song,,skjsg9vv,,,National Sacred Harp Convention,2000-06-15,"Trinity United Methodist Church, Birmingham, Alabama",Buell Cobb,Mark Davis,Kathy Williams,,"Catherine Oss, Rosemary Greenaway, Cindy Franklin",Tom Owen,,SHM1991,SHM1991,Richard Schmeidler,,474,Mount Desert,,,,2026-07-20T16:34:33.286Z,4:34 PM,,,,
5,57,song,,skjsg9vv,,,National Sacred Harp Convention,2000-06-15,"Trinity United Methodist Church, Birmingham, Alabama",Buell Cobb,Mark Davis,Kathy Williams,,"Catherine Oss, Rosemary Greenaway, Cindy Franklin",Tom Owen,,SHM1991,SHM1991,Cheryl Foreman,,209,Evening Shade,,,,2026-07-20T16:34:33.358Z,4:34 PM,,,,
5,58,song,,skjsg9vv,,,National Sacred Harp Convention,2000-06-15,"Trinity United Methodist Church, Birmingham, Alabama",Buell Cobb,Mark Davis,Kathy Williams,,"Catherine Oss, Rosemary Greenaway, Cindy Franklin",Tom Owen,,SHM1991,SHM1991,Bradford West,,27,Bethel,,,,2026-07-20T16:34:33.406Z,4:34 PM,,,,
5,59,song,,skjsg9vv,,,National Sacred Harp Convention,2000-06-15,"Trinity United Methodist Church, Birmingham, Alabama",Buell Cobb,Mark Davis,Kathy Williams,,"Catherine Oss, Rosemary Greenaway, Cindy Franklin",Tom Owen,,SHM1991,SHM1991,Beth Todd,,290,Victoria,,Tom Owen led the prayer before lunch,,2026-07-20T16:34:33.468Z,4:34 PM,,,,
5,60,marker,,skjsg9vv,,,National Sacred Harp Convention,2000-06-15,"Trinity United Methodist Church, Birmingham, Alabama",Buell Cobb,Mark Davis,Kathy Williams,,"Catherine Oss, Rosemary Greenaway, Cindy Franklin",Tom Owen,,,,,,,,,,LUNCH,2026-07-20T16:34:33.551Z,4:34 PM,,,,
5,61,song,,skjsg9vv,,,National Sacred Harp Convention,2000-06-15,"Trinity United Methodist Church, Birmingham, Alabama",Buell Cobb,Mark Davis,Kathy Williams,,"Catherine Oss, Rosemary Greenaway, Cindy Franklin",Tom Owen,,SHM1991,SHM1991,Catherine Oss,,318,Present Joys,Call Back,Called the class back together,,2026-07-20T16:34:33.613Z,4:34 PM,,,,
5,62,song,,skjsg9vv,,,National Sacred Harp Convention,2000-06-15,"Trinity United Methodist Church, Birmingham, Alabama",Buell Cobb,Mark Davis,Kathy Williams,,"Catherine Oss, Rosemary Greenaway, Cindy Franklin",Tom Owen,,SHM1991,SHM1991,Charlene Wallace,,548,Wootten,,,,2026-07-20T16:34:33.670Z,4:34 PM,,,,
5,63,song,,skjsg9vv,,,National Sacred Harp Convention,2000-06-15,"Trinity United Methodist Church, Birmingham, Alabama",Buell Cobb,Mark Davis,Kathy Williams,,"Catherine Oss, Rosemary Greenaway, Cindy Franklin",Tom Owen,,SHM1991,SHM1991,Rosemary Greenaway,,163b,China,,,,2026-07-20T16:34:33.733Z,4:34 PM,,,,
5,64,song,,skjsg9vv,,,National Sacred Harp Convention,2000-06-15,"Trinity United Methodist Church, Birmingham, Alabama",Buell Cobb,Mark Davis,Kathy Williams,,"Catherine Oss, Rosemary Greenaway, Cindy Franklin",Tom Owen,,SHM1991,SHM1991,Tom Owen,,528,Showers of Blessings,,,,2026-07-20T16:34:33.804Z,4:34 PM,,,,
5,65,song,,skjsg9vv,,,National Sacred Harp Convention,2000-06-15,"Trinity United Methodist Church, Birmingham, Alabama",Buell Cobb,Mark Davis,Kathy Williams,,"Catherine Oss, Rosemary Greenaway, Cindy Franklin",Tom Owen,,SHM1991,SHM1991,Lee Rogers,,196,Alabama,,,,2026-07-20T16:34:33.856Z,4:34 PM,,,,
5,66,song,,skjsg9vv,,,National Sacred Harp Convention,2000-06-15,"Trinity United Methodist Church, Birmingham, Alabama",Buell Cobb,Mark Davis,Kathy Williams,,"Catherine Oss, Rosemary Greenaway, Cindy Franklin",Tom Owen,,SHM1991,SHM1991,Richard Mauldin,,36b,Ninety-Fifth,,,,2026-07-20T16:34:33.942Z,4:34 PM,,,,
5,67,song,,skjsg9vv,,,National Sacred Harp Convention,2000-06-15,"Trinity United Methodist Church, Birmingham, Alabama",Buell Cobb,Mark Davis,Kathy Williams,,"Catherine Oss, Rosemary Greenaway, Cindy Franklin",Tom Owen,,SHM1991,SHM1991,Joe Todd,,455,Soar Away,,,,2026-07-20T16:34:34.013Z,4:34 PM,,,,
5,68,song,,skjsg9vv,,,National Sacred Harp Convention,2000-06-15,"Trinity United Methodist Church, Birmingham, Alabama",Buell Cobb,Mark Davis,Kathy Williams,,"Catherine Oss, Rosemary Greenaway, Cindy Franklin",Tom Owen,,SHM1991,SHM1991,Carroll Lunsford,,390,New Prospect,,,,2026-07-20T16:34:34.067Z,4:34 PM,,,,
5,69,song,,skjsg9vv,,,National Sacred Harp Convention,2000-06-15,"Trinity United Methodist Church, Birmingham, Alabama",Buell Cobb,Mark Davis,Kathy Williams,,"Catherine Oss, Rosemary Greenaway, Cindy Franklin",Tom Owen,,SHM1991,SHM1991,John Merritt,,499,At Rest,,,,2026-07-20T16:34:34.221Z,4:34 PM,,,,
5,70,song,,skjsg9vv,,,National Sacred Harp Convention,2000-06-15,"Trinity United Methodist Church, Birmingham, Alabama",Buell Cobb,Mark Davis,Kathy Williams,,"Catherine Oss, Rosemary Greenaway, Cindy Franklin",Tom Owen,,SHM1991,SHM1991,Linda Thomas,,33b,Abbeville,,,,2026-07-20T16:34:34.272Z,4:34 PM,,,,
5,71,song,,skjsg9vv,,,National Sacred Harp Convention,2000-06-15,"Trinity United Methodist Church, Birmingham, Alabama",Buell Cobb,Mark Davis,Kathy Williams,,"Catherine Oss, Rosemary Greenaway, Cindy Franklin",Tom Owen,,OTHER,,Becky Briggs,,,Page 354 (top or bottom uncertain in original minutes),,Original minutes note page 354 with both t/b linked; which half isn't specified,,2026-07-20T16:34:34.348Z,4:34 PM,,,,
5,72,song,,skjsg9vv,,,National Sacred Harp Convention,2000-06-15,"Trinity United Methodist Church, Birmingham, Alabama",Buell Cobb,Mark Davis,Kathy Williams,,"Catherine Oss, Rosemary Greenaway, Cindy Franklin",Tom Owen,,SHM1991,SHM1991,Elsie Beasley,,322,Man's Redemption,,,,2026-07-20T16:34:34.407Z,4:34 PM,,,,
5,73,song,,skjsg9vv,,,National Sacred Harp Convention,2000-06-15,"Trinity United Methodist Church, Birmingham, Alabama",Buell Cobb,Mark Davis,Kathy Williams,,"Catherine Oss, Rosemary Greenaway, Cindy Franklin",Tom Owen,,SHM1991,SHM1991,Elsie Beasley,,460,Sardis,,,,2026-07-20T16:34:34.483Z,4:34 PM,,,,
5,74,song,,skjsg9vv,,,National Sacred Harp Convention,2000-06-15,"Trinity United Methodist Church, Birmingham, Alabama",Buell Cobb,Mark Davis,Kathy Williams,,"Catherine Oss, Rosemary Greenaway, Cindy Franklin",Tom Owen,,SHM1991,SHM1991,Henry Zittrouer,,127,Green Fields,,,,2026-07-20T16:34:34.554Z,4:34 PM,,,,
5,75,song,,skjsg9vv,,,National Sacred Harp Convention,2000-06-15,"Trinity United Methodist Church, Birmingham, Alabama",Buell Cobb,Mark Davis,Kathy Williams,,"Catherine Oss, Rosemary Greenaway, Cindy Franklin",Tom Owen,,SHM1991,SHM1991,Uel Freeman,,146,Hallelujah,,,,2026-07-20T16:34:34.622Z,4:34 PM,,,,
5,76,song,,skjsg9vv,,,National Sacred Harp Convention,2000-06-15,"Trinity United Methodist Church, Birmingham, Alabama",Buell Cobb,Mark Davis,Kathy Williams,,"Catherine Oss, Rosemary Greenaway, Cindy Franklin",Tom Owen,,SHM1991,SHM1991,Curtis Owen,,176b,Blooming Youth,,,,2026-07-20T16:34:34.679Z,4:34 PM,,,,
5,77,song,,skjsg9vv,,,National Sacred Harp Convention,2000-06-15,"Trinity United Methodist Church, Birmingham, Alabama",Buell Cobb,Mark Davis,Kathy Williams,,"Catherine Oss, Rosemary Greenaway, Cindy Franklin",Tom Owen,,SHM1991,SHM1991,Christie Allen,,398,The Dying Boy,,,,2026-07-20T16:34:34.766Z,4:34 PM,,,,
5,78,song,,skjsg9vv,,,National Sacred Harp Convention,2000-06-15,"Trinity United Methodist Church, Birmingham, Alabama",Buell Cobb,Mark Davis,Kathy Williams,,"Catherine Oss, Rosemary Greenaway, Cindy Franklin",Tom Owen,,SHM1991,SHM1991,Helen Brown,,210,Lena,,,,2026-07-20T16:34:34.852Z,4:34 PM,,,,
5,79,song,,skjsg9vv,,,National Sacred Harp Convention,2000-06-15,"Trinity United Methodist Church, Birmingham, Alabama",Buell Cobb,Mark Davis,Kathy Williams,,"Catherine Oss, Rosemary Greenaway, Cindy Franklin",Tom Owen,,SHM1991,SHM1991,Phill Wisor,,74b,King of Peace,,,,2026-07-20T16:34:34.944Z,4:34 PM,,,,
5,80,song,,skjsg9vv,,,National Sacred Harp Convention,2000-06-15,"Trinity United Methodist Church, Birmingham, Alabama",Buell Cobb,Mark Davis,Kathy Williams,,"Catherine Oss, Rosemary Greenaway, Cindy Franklin",Tom Owen,,SHM1991,SHM1991,Henry Bizzell,,452,Martin,,,,2026-07-20T16:34:35.031Z,4:34 PM,,,,
5,81,song,,skjsg9vv,,,National Sacred Harp Convention,2000-06-15,"Trinity United Methodist Church, Birmingham, Alabama",Buell Cobb,Mark Davis,Kathy Williams,,"Catherine Oss, Rosemary Greenaway, Cindy Franklin",Tom Owen,,SHM1991,SHM1991,Bruce Coates,,34b,St. Thomas,,,,2026-07-20T16:34:35.157Z,4:34 PM,,,,
5,82,song,,skjsg9vv,,,National Sacred Harp Convention,2000-06-15,"Trinity United Methodist Church, Birmingham, Alabama",Buell Cobb,Mark Davis,Kathy Williams,,"Catherine Oss, Rosemary Greenaway, Cindy Franklin",Tom Owen,,SHM1991,SHM1991,Peter Irvine,,542,I'll Seek His Blessings,,,,2026-07-20T16:34:35.231Z,4:34 PM,,,,
5,83,song,,skjsg9vv,,,National Sacred Harp Convention,2000-06-15,"Trinity United Methodist Church, Birmingham, Alabama",Buell Cobb,Mark Davis,Kathy Williams,,"Catherine Oss, Rosemary Greenaway, Cindy Franklin",Tom Owen,,SHM1991,SHM1991,Dennis George,,112,The Last Words of Copernicus,,,,2026-07-20T16:34:35.288Z,4:34 PM,,,,
5,84,song,,skjsg9vv,,,National Sacred Harp Convention,2000-06-15,"Trinity United Methodist Church, Birmingham, Alabama",Buell Cobb,Mark Davis,Kathy Williams,,"Catherine Oss, Rosemary Greenaway, Cindy Franklin",Tom Owen,,SHM1991,SHM1991,"Buell Cobb, Mark Davis",Buell Cobb and Mark Davis,46,Let Us Sing,,Closing song; Elder J.L. Hopper dismissed the class with prayer,,2026-07-20T16:34:35.365Z,4:34 PM,,,,
5,85,session,Friday,e9ybap4i,,,National Sacred Harp Convention,2000-06-16,"Trinity United Methodist Church, Birmingham, Alabama",Buell Cobb,Mark Davis,Kathy Williams,,"Catherine Oss, Rosemary Greenaway, Cindy Franklin",Tom Owen,,,,,,,,,,,2026-07-20T16:34:35.563Z,4:34 PM,,,,
5,86,song,,e9ybap4i,,,National Sacred Harp Convention,2000-06-16,"Trinity United Methodist Church, Birmingham, Alabama",Buell Cobb,Mark Davis,Kathy Williams,,"Catherine Oss, Rosemary Greenaway, Cindy Franklin",Tom Owen,,SHM1991,SHM1991,Buell Cobb,,52t,Albion,,Called the class to order; Louis Hughes led the morning prayer,,2026-07-20T16:34:35.637Z,4:34 PM,,,,
5,87,song,,e9ybap4i,,,National Sacred Harp Convention,2000-06-16,"Trinity United Methodist Church, Birmingham, Alabama",Buell Cobb,Mark Davis,Kathy Williams,,"Catherine Oss, Rosemary Greenaway, Cindy Franklin",Tom Owen,,SHM1991,SHM1991,Mark Davis,,129,Heavenly Armor,,,,2026-07-20T16:34:35.718Z,4:34 PM,,,,
5,88,song,,e9ybap4i,,,National Sacred Harp Convention,2000-06-16,"Trinity United Methodist Church, Birmingham, Alabama",Buell Cobb,Mark Davis,Kathy Williams,,"Catherine Oss, Rosemary Greenaway, Cindy Franklin",Tom Owen,,SHM1991,SHM1991,Kathy Williams,,142,Stratfield,,,,2026-07-20T16:34:35.811Z,4:34 PM,,,,
5,89,song,,e9ybap4i,,,National Sacred Harp Convention,2000-06-16,"Trinity United Methodist Church, Birmingham, Alabama",Buell Cobb,Mark Davis,Kathy Williams,,"Catherine Oss, Rosemary Greenaway, Cindy Franklin",Tom Owen,,SHM1991,SHM1991,Mike Hinton,,480,Redemption,,,,2026-07-20T16:34:35.885Z,4:34 PM,,,,
5,90,song,,e9ybap4i,,,National Sacred Harp Convention,2000-06-16,"Trinity United Methodist Church, Birmingham, Alabama",Buell Cobb,Mark Davis,Kathy Williams,,"Catherine Oss, Rosemary Greenaway, Cindy Franklin",Tom Owen,,SHM1991,SHM1991,Rosemary Greenaway,,383,Eternal Day,,,,2026-07-20T16:34:35.952Z,4:34 PM,,,,
5,91,song,,e9ybap4i,,,National Sacred Harp Convention,2000-06-16,"Trinity United Methodist Church, Birmingham, Alabama",Buell Cobb,Mark Davis,Kathy Williams,,"Catherine Oss, Rosemary Greenaway, Cindy Franklin",Tom Owen,,SHM1991,SHM1991,John Redman,,143,Pleyel's Hymn (First),,,,2026-07-20T16:34:36.046Z,4:34 PM,,,,
5,92,song,,e9ybap4i,,,National Sacred Harp Convention,2000-06-16,"Trinity United Methodist Church, Birmingham, Alabama",Buell Cobb,Mark Davis,Kathy Williams,,"Catherine Oss, Rosemary Greenaway, Cindy Franklin",Tom Owen,,SHM1991,SHM1991,Catherine Oss,,430,Arbacoochee,,,,2026-07-20T16:34:36.121Z,4:34 PM,,,,
5,93,song,,e9ybap4i,,,National Sacred Harp Convention,2000-06-16,"Trinity United Methodist Church, Birmingham, Alabama",Buell Cobb,Mark Davis,Kathy Williams,,"Catherine Oss, Rosemary Greenaway, Cindy Franklin",Tom Owen,,SHM1991,SHM1991,Sharona Nelson,,137,Liberty,,,,2026-07-20T16:34:36.204Z,4:34 PM,,,,
5,94,song,,e9ybap4i,,,National Sacred Harp Convention,2000-06-16,"Trinity United Methodist Church, Birmingham, Alabama",Buell Cobb,Mark Davis,Kathy Williams,,"Catherine Oss, Rosemary Greenaway, Cindy Franklin",Tom Owen,,SHM1991,SHM1991,Tom Owen,,498,The Resurrection Day,,,,2026-07-20T16:34:36.284Z,4:34 PM,,,,
5,95,song,,e9ybap4i,,,National Sacred Harp Convention,2000-06-16,"Trinity United Methodist Church, Birmingham, Alabama",Buell Cobb,Mark Davis,Kathy Williams,,"Catherine Oss, Rosemary Greenaway, Cindy Franklin",Tom Owen,,SHM1991,SHM1991,Lee Rogers,,228,Marlborough,,,,2026-07-20T16:34:36.363Z,4:34 PM,,,,
5,96,song,,e9ybap4i,,,National Sacred Harp Convention,2000-06-16,"Trinity United Methodist Church, Birmingham, Alabama",Buell Cobb,Mark Davis,Kathy Williams,,"Catherine Oss, Rosemary Greenaway, Cindy Franklin",Tom Owen,,SHM1991,SHM1991,Don Bowen,,66,Jordan (First),,,,2026-07-20T16:34:36.443Z,4:34 PM,,,,
5,97,song,,e9ybap4i,,,National Sacred Harp Convention,2000-06-16,"Trinity United Methodist Church, Birmingham, Alabama",Buell Cobb,Mark Davis,Kathy Williams,,"Catherine Oss, Rosemary Greenaway, Cindy Franklin",Tom Owen,,SHM1991,SHM1991,Richard Mauldin,,72b,Bellevue,,,,2026-07-20T16:34:36.523Z,4:34 PM,,,,
5,98,song,,e9ybap4i,,,National Sacred Harp Convention,2000-06-16,"Trinity United Methodist Church, Birmingham, Alabama",Buell Cobb,Mark Davis,Kathy Williams,,"Catherine Oss, Rosemary Greenaway, Cindy Franklin",Tom Owen,,SHM1991,SHM1991,Richard DeLong,,285t,Arnold,,,,2026-07-20T16:34:36.623Z,4:34 PM,,,,
5,99,song,,e9ybap4i,,,National Sacred Harp Convention,2000-06-16,"Trinity United Methodist Church, Birmingham, Alabama",Buell Cobb,Mark Davis,Kathy Williams,,"Catherine Oss, Rosemary Greenaway, Cindy Franklin",Tom Owen,,SHM1991,SHM1991,Betty Jones,,40,Lenox,,,,2026-07-20T16:34:36.831Z,4:34 PM,,,,
5,100,song,,e9ybap4i,,,National Sacred Harp Convention,2000-06-16,"Trinity United Methodist Church, Birmingham, Alabama",Buell Cobb,Mark Davis,Kathy Williams,,"Catherine Oss, Rosemary Greenaway, Cindy Franklin",Tom Owen,,SHM1991,SHM1991,Sharon Kellam,,312t,Sing to Me of Heaven,,,,2026-07-20T16:34:36.915Z,4:34 PM,,,,
5,101,song,,e9ybap4i,,,National Sacred Harp Convention,2000-06-16,"Trinity United Methodist Church, Birmingham, Alabama",Buell Cobb,Mark Davis,Kathy Williams,,"Catherine Oss, Rosemary Greenaway, Cindy Franklin",Tom Owen,,SHM1991,SHM1991,David Richardson,,473,Carmarthen,,,,2026-07-20T16:34:36.994Z,4:34 PM,,,,
5,102,song,,e9ybap4i,,,National Sacred Harp Convention,2000-06-16,"Trinity United Methodist Church, Birmingham, Alabama",Buell Cobb,Mark Davis,Kathy Williams,,"Catherine Oss, Rosemary Greenaway, Cindy Franklin",Tom Owen,,SHM1991,SHM1991,Anne Kazlauskas,,201,Pilgrim,,,,2026-07-20T16:34:37.078Z,4:34 PM,,,,
5,103,song,,e9ybap4i,,,National Sacred Harp Convention,2000-06-16,"Trinity United Methodist Church, Birmingham, Alabama",Buell Cobb,Mark Davis,Kathy Williams,,"Catherine Oss, Rosemary Greenaway, Cindy Franklin",Tom Owen,,SHM1991,SHM1991,Virginia Douglas,,49b,Mear,,,,2026-07-20T16:34:37.153Z,4:34 PM,,,,
5,104,marker,,e9ybap4i,,,National Sacred Harp Convention,2000-06-16,"Trinity United Methodist Church, Birmingham, Alabama",Buell Cobb,Mark Davis,Kathy Williams,,"Catherine Oss, Rosemary Greenaway, Cindy Franklin",Tom Owen,,,,,,,,,,RECESS,2026-07-20T16:34:37.229Z,4:34 PM,,,,
5,105,song,,e9ybap4i,,,National Sacred Harp Convention,2000-06-16,"Trinity United Methodist Church, Birmingham, Alabama",Buell Cobb,Mark Davis,Kathy Williams,,"Catherine Oss, Rosemary Greenaway, Cindy Franklin",Tom Owen,,SHM1991,SHM1991,Jeff Sheppard,,97,We'll Soon Be There,Call Back,Brought the class back together,,2026-07-20T16:34:37.327Z,4:34 PM,,,,
5,106,song,,e9ybap4i,,,National Sacred Harp Convention,2000-06-16,"Trinity United Methodist Church, Birmingham, Alabama",Buell Cobb,Mark Davis,Kathy Williams,,"Catherine Oss, Rosemary Greenaway, Cindy Franklin",Tom Owen,,SHM1991,SHM1991,Judy Hauff,,172,Harmony,,,,2026-07-20T16:34:37.405Z,4:34 PM,,,,
5,107,song,,e9ybap4i,,,National Sacred Harp Convention,2000-06-16,"Trinity United Methodist Church, Birmingham, Alabama",Buell Cobb,Mark Davis,Kathy Williams,,"Catherine Oss, Rosemary Greenaway, Cindy Franklin",Tom Owen,,SHM1991,SHM1991,Ila Ingle,,436,Morning Sun,,,,2026-07-20T16:34:37.486Z,4:34 PM,,,,
5,108,song,,e9ybap4i,,,National Sacred Harp Convention,2000-06-16,"Trinity United Methodist Church, Birmingham, Alabama",Buell Cobb,Mark Davis,Kathy Williams,,"Catherine Oss, Rosemary Greenaway, Cindy Franklin",Tom Owen,,SHM1991,SHM1991,Allen Fannin,,440,North Salem,,,,2026-07-20T16:34:37.572Z,4:34 PM,,,,
5,109,song,,e9ybap4i,,,National Sacred Harp Convention,2000-06-16,"Trinity United Methodist Church, Birmingham, Alabama",Buell Cobb,Mark Davis,Kathy Williams,,"Catherine Oss, Rosemary Greenaway, Cindy Franklin",Tom Owen,,SHM1991,SHM1991,Amanda Denson,,340,Odem (Second),,,,2026-07-20T16:34:37.666Z,4:34 PM,,,,
5,110,song,,e9ybap4i,,,National Sacred Harp Convention,2000-06-16,"Trinity United Methodist Church, Birmingham, Alabama",Buell Cobb,Mark Davis,Kathy Williams,,"Catherine Oss, Rosemary Greenaway, Cindy Franklin",Tom Owen,,SHM1991,SHM1991,Ted Johnson,,345b,I'm On My Journey Home,,,,2026-07-20T16:34:37.750Z,4:34 PM,,,,
5,111,song,,e9ybap4i,,,National Sacred Harp Convention,2000-06-16,"Trinity United Methodist Church, Birmingham, Alabama",Buell Cobb,Mark Davis,Kathy Williams,,"Catherine Oss, Rosemary Greenaway, Cindy Franklin",Tom Owen,,SHM1991,SHM1991,Melanie Hauff,,392,Manchester,,,,2026-07-20T16:34:37.951Z,4:34 PM,,,,
5,112,song,,e9ybap4i,,,National Sacred Harp Convention,2000-06-16,"Trinity United Methodist Church, Birmingham, Alabama",Buell Cobb,Mark Davis,Kathy Williams,,"Catherine Oss, Rosemary Greenaway, Cindy Franklin",Tom Owen,,SHM1991,SHM1991,Dr. Bill Stewart,,68b,Ortonville,,,,2026-07-20T16:34:38.051Z,4:34 PM,,,,
5,113,song,,e9ybap4i,,,National Sacred Harp Convention,2000-06-16,"Trinity United Methodist Church, Birmingham, Alabama",Buell Cobb,Mark Davis,Kathy Williams,,"Catherine Oss, Rosemary Greenaway, Cindy Franklin",Tom Owen,,SHM1991,SHM1991,Anne Chalker,,146,Hallelujah,,,,2026-07-20T16:34:38.152Z,4:34 PM,,,,
5,114,song,,e9ybap4i,,,National Sacred Harp Convention,2000-06-16,"Trinity United Methodist Church, Birmingham, Alabama",Buell Cobb,Mark Davis,Kathy Williams,,"Catherine Oss, Rosemary Greenaway, Cindy Franklin",Tom Owen,,SHM1991,SHM1991,Marcia Johnson,,218,Mount Pleasant,,,,2026-07-20T16:34:38.242Z,4:34 PM,,,,
5,115,song,,e9ybap4i,,,National Sacred Harp Convention,2000-06-16,"Trinity United Methodist Church, Birmingham, Alabama",Buell Cobb,Mark Davis,Kathy Williams,,"Catherine Oss, Rosemary Greenaway, Cindy Franklin",Tom Owen,,SHM1991,SHM1991,Kennon Smith,,189,Montgomery,,,,2026-07-20T16:34:38.324Z,4:34 PM,,,,
5,116,song,,e9ybap4i,,,National Sacred Harp Convention,2000-06-16,"Trinity United Methodist Church, Birmingham, Alabama",Buell Cobb,Mark Davis,Kathy Williams,,"Catherine Oss, Rosemary Greenaway, Cindy Franklin",Tom Owen,,SHM1991,SHM1991,Beverly Coates,,352,Swanton,,,,2026-07-20T16:34:38.416Z,4:34 PM,,,,
5,117,song,,e9ybap4i,,,National Sacred Harp Convention,2000-06-16,"Trinity United Methodist Church, Birmingham, Alabama",Buell Cobb,Mark Davis,Kathy Williams,,"Catherine Oss, Rosemary Greenaway, Cindy Franklin",Tom Owen,,SHM1991,SHM1991,Ginnie Ely,,454,The Better Land,,,,2026-07-20T16:34:38.500Z,4:34 PM,,,,
5,118,song,,e9ybap4i,,,National Sacred Harp Convention,2000-06-16,"Trinity United Methodist Church, Birmingham, Alabama",Buell Cobb,Mark Davis,Kathy Williams,,"Catherine Oss, Rosemary Greenaway, Cindy Franklin",Tom Owen,,SHM1991,SHM1991,Kurt Davis,,45t,New Britain,,,,2026-07-20T16:34:38.588Z,4:34 PM,,,,
5,119,marker,,e9ybap4i,,,National Sacred Harp Convention,2000-06-16,"Trinity United Methodist Church, Birmingham, Alabama",Buell Cobb,Mark Davis,Kathy Williams,,"Catherine Oss, Rosemary Greenaway, Cindy Franklin",Tom Owen,,,,,,,,,,RECESS,2026-07-20T16:34:38.699Z,4:34 PM,,,,
5,120,song,,e9ybap4i,,,National Sacred Harp Convention,2000-06-16,"Trinity United Methodist Church, Birmingham, Alabama",Buell Cobb,Mark Davis,Kathy Williams,,"Catherine Oss, Rosemary Greenaway, Cindy Franklin",Tom Owen,,SHM1991,SHM1991,Cindy Franklin,,198,Green Street,Call Back,Called the class back together,,2026-07-20T16:34:38.816Z,4:34 PM,,,,
5,121,song,,e9ybap4i,,,National Sacred Harp Convention,2000-06-16,"Trinity United Methodist Church, Birmingham, Alabama",Buell Cobb,Mark Davis,Kathy Williams,,"Catherine Oss, Rosemary Greenaway, Cindy Franklin",Tom Owen,,SHM1991,SHM1991,Liz Bryant,,475,A Thankful Heart,,,,2026-07-20T16:34:39.015Z,4:34 PM,,,,
5,122,song,,e9ybap4i,,,National Sacred Harp Convention,2000-06-16,"Trinity United Methodist Church, Birmingham, Alabama",Buell Cobb,Mark Davis,Kathy Williams,,"Catherine Oss, Rosemary Greenaway, Cindy Franklin",Tom Owen,,SHM1991,SHM1991,Patricia Mauldin,,63,Coronation,,,,2026-07-20T16:34:39.111Z,4:34 PM,,,,
5,123,song,,e9ybap4i,,,National Sacred Harp Convention,2000-06-16,"Trinity United Methodist Church, Birmingham, Alabama",Buell Cobb,Mark Davis,Kathy Williams,,"Catherine Oss, Rosemary Greenaway, Cindy Franklin",Tom Owen,,SHM1991,SHM1991,Eugene Forbes,,566,Hebron,,,,2026-07-20T16:34:39.218Z,4:34 PM,,,,
5,124,song,,e9ybap4i,,,National Sacred Harp Convention,2000-06-16,"Trinity United Methodist Church, Birmingham, Alabama",Buell Cobb,Mark Davis,Kathy Williams,,"Catherine Oss, Rosemary Greenaway, Cindy Franklin",Tom Owen,,SHM1991,SHM1991,Edith Owen,,328,Praise God,,,,2026-07-20T16:34:39.302Z,4:34 PM,,,,
5,125,song,,e9ybap4i,,,National Sacred Harp Convention,2000-06-16,"Trinity United Methodist Church, Birmingham, Alabama",Buell Cobb,Mark Davis,Kathy Williams,,"Catherine Oss, Rosemary Greenaway, Cindy Franklin",Tom Owen,,SHM1991,SHM1991,Regina Foster,,547,Granville,,,,2026-07-20T16:34:39.398Z,4:34 PM,,,,
5,126,song,,e9ybap4i,,,National Sacred Harp Convention,2000-06-16,"Trinity United Methodist Church, Birmingham, Alabama",Buell Cobb,Mark Davis,Kathy Williams,,"Catherine Oss, Rosemary Greenaway, Cindy Franklin",Tom Owen,,SHM1991,SHM1991,Jackson Harcrow,,145t,Warrenton,,,,2026-07-20T16:34:39.505Z,4:34 PM,,,,
5,127,song,,e9ybap4i,,,National Sacred Harp Convention,2000-06-16,"Trinity United Methodist Church, Birmingham, Alabama",Buell Cobb,Mark Davis,Kathy Williams,,"Catherine Oss, Rosemary Greenaway, Cindy Franklin",Tom Owen,,SHM1991,SHM1991,Steven Schmidgall,,156,Jesus Rose,,,,2026-07-20T16:34:39.600Z,4:34 PM,,,,
5,128,song,,e9ybap4i,,,National Sacred Harp Convention,2000-06-16,"Trinity United Methodist Church, Birmingham, Alabama",Buell Cobb,Mark Davis,Kathy Williams,,"Catherine Oss, Rosemary Greenaway, Cindy Franklin",Tom Owen,,SHM1991,SHM1991,Cora Sweatt,,145b,Sweet Affliction,,,,2026-07-20T16:34:39.690Z,4:34 PM,,,,
5,129,song,,e9ybap4i,,,National Sacred Harp Convention,2000-06-16,"Trinity United Methodist Church, Birmingham, Alabama",Buell Cobb,Mark Davis,Kathy Williams,,"Catherine Oss, Rosemary Greenaway, Cindy Franklin",Tom Owen,,SHM1991,SHM1991,Richard Ivey,,182,Newburgh,,,,2026-07-20T16:34:39.788Z,4:34 PM,,,,
5,130,song,,e9ybap4i,,,National Sacred Harp Convention,2000-06-16,"Trinity United Methodist Church, Birmingham, Alabama",Buell Cobb,Mark Davis,Kathy Williams,,"Catherine Oss, Rosemary Greenaway, Cindy Franklin",Tom Owen,,SHM1991,SHM1991,Ann Ballard,,57,Christian Soldier,,,,2026-07-20T16:34:39.873Z,4:34 PM,,,,
5,131,song,,e9ybap4i,,,National Sacred Harp Convention,2000-06-16,"Trinity United Methodist Church, Birmingham, Alabama",Buell Cobb,Mark Davis,Kathy Williams,,"Catherine Oss, Rosemary Greenaway, Cindy Franklin",Tom Owen,,SHM1991,SHM1991,Ed Snell,,460,Sardis,,,,2026-07-20T16:34:40.116Z,4:34 PM,,,,
5,132,song,,e9ybap4i,,,National Sacred Harp Convention,2000-06-16,"Trinity United Methodist Church, Birmingham, Alabama",Buell Cobb,Mark Davis,Kathy Williams,,"Catherine Oss, Rosemary Greenaway, Cindy Franklin",Tom Owen,,SHM1991,SHM1991,Velton Chafin,,573,Harpeth Valley,,,,2026-07-20T16:34:40.240Z,4:34 PM,,,,
5,133,song,,e9ybap4i,,,National Sacred Harp Convention,2000-06-16,"Trinity United Methodist Church, Birmingham, Alabama",Buell Cobb,Mark Davis,Kathy Williams,,"Catherine Oss, Rosemary Greenaway, Cindy Franklin",Tom Owen,,SHM1991,SHM1991,Bernice Harvey,,176b,Blooming Youth,,,,2026-07-20T16:34:40.356Z,4:34 PM,,,,
5,134,song,,e9ybap4i,,,National Sacred Harp Convention,2000-06-16,"Trinity United Methodist Church, Birmingham, Alabama",Buell Cobb,Mark Davis,Kathy Williams,,"Catherine Oss, Rosemary Greenaway, Cindy Franklin",Tom Owen,,SHM1991,SHM1991,John Hocutt,,236,Easter Anthem,,Elder Jesse Roberts led the prayer before lunch,,2026-07-20T16:34:40.455Z,4:34 PM,,,,
5,135,marker,,e9ybap4i,,,National Sacred Harp Convention,2000-06-16,"Trinity United Methodist Church, Birmingham, Alabama",Buell Cobb,Mark Davis,Kathy Williams,,"Catherine Oss, Rosemary Greenaway, Cindy Franklin",Tom Owen,,,,,,,,,,LUNCH,2026-07-20T16:34:40.560Z,4:34 PM,,,,
5,136,song,,e9ybap4i,,,National Sacred Harp Convention,2000-06-16,"Trinity United Methodist Church, Birmingham, Alabama",Buell Cobb,Mark Davis,Kathy Williams,,"Catherine Oss, Rosemary Greenaway, Cindy Franklin",Tom Owen,,SHM1991,SHM1991,Jeb Owen,,47b,Idumea,Call Back,Called the class back together after lunch,,2026-07-20T16:34:40.675Z,4:34 PM,,,,
5,137,song,,e9ybap4i,,,National Sacred Harp Convention,2000-06-16,"Trinity United Methodist Church, Birmingham, Alabama",Buell Cobb,Mark Davis,Kathy Williams,,"Catherine Oss, Rosemary Greenaway, Cindy Franklin",Tom Owen,,SHM1991,SHM1991,Hugh McGuire,,109,Carnsville,,,,2026-07-20T16:34:40.779Z,4:34 PM,,,,
5,138,song,,e9ybap4i,,,National Sacred Harp Convention,2000-06-16,"Trinity United Methodist Church, Birmingham, Alabama",Buell Cobb,Mark Davis,Kathy Williams,,"Catherine Oss, Rosemary Greenaway, Cindy Franklin",Tom Owen,,SHM1991,SHM1991,Ricky Harcrow,,445,Passing Away,,,,2026-07-20T16:34:40.886Z,4:34 PM,,,,
5,139,song,,e9ybap4i,,,National Sacred Harp Convention,2000-06-16,"Trinity United Methodist Church, Birmingham, Alabama",Buell Cobb,Mark Davis,Kathy Williams,,"Catherine Oss, Rosemary Greenaway, Cindy Franklin",Tom Owen,,SHM1991,SHM1991,Carol Crawford,,122,All Is Well,,,,2026-07-20T16:34:41.000Z,4:34 PM,,,,
5,140,song,,e9ybap4i,,,National Sacred Harp Convention,2000-06-16,"Trinity United Methodist Church, Birmingham, Alabama",Buell Cobb,Mark Davis,Kathy Williams,,"Catherine Oss, Rosemary Greenaway, Cindy Franklin",Tom Owen,,SHM1991,SHM1991,Barney Roberson,,458,Friendship,,,,2026-07-20T16:34:41.205Z,4:34 PM,,,,
5,141,song,,e9ybap4i,,,National Sacred Harp Convention,2000-06-16,"Trinity United Methodist Church, Birmingham, Alabama",Buell Cobb,Mark Davis,Kathy Williams,,"Catherine Oss, Rosemary Greenaway, Cindy Franklin",Tom Owen,,SHM1991,SHM1991,Regina Grayson,,300,Calvary,,,,2026-07-20T16:34:41.320Z,4:34 PM,,,,
5,142,song,,e9ybap4i,,,National Sacred Harp Convention,2000-06-16,"Trinity United Methodist Church, Birmingham, Alabama",Buell Cobb,Mark Davis,Kathy Williams,,"Catherine Oss, Rosemary Greenaway, Cindy Franklin",Tom Owen,,SHM1991,SHM1991,Tim Cook,,511,The Great Redeemer,,,,2026-07-20T16:34:41.419Z,4:34 PM,,,,
5,143,song,,e9ybap4i,,,National Sacred Harp Convention,2000-06-16,"Trinity United Methodist Church, Birmingham, Alabama",Buell Cobb,Mark Davis,Kathy Williams,,"Catherine Oss, Rosemary Greenaway, Cindy Franklin",Tom Owen,,SHM1991,SHM1991,H.J. Jackson,,384,Panting For Heaven,,,,2026-07-20T16:34:41.532Z,4:34 PM,,,,
5,144,song,,e9ybap4i,,,National Sacred Harp Convention,2000-06-16,"Trinity United Methodist Church, Birmingham, Alabama",Buell Cobb,Mark Davis,Kathy Williams,,"Catherine Oss, Rosemary Greenaway, Cindy Franklin",Tom Owen,,SHM1991,SHM1991,Erskine Vandegrift,,59,Holy Manna,,,,2026-07-20T16:34:41.651Z,4:34 PM,,,,
5,145,song,,e9ybap4i,,,National Sacred Harp Convention,2000-06-16,"Trinity United Methodist Church, Birmingham, Alabama",Buell Cobb,Mark Davis,Kathy Williams,,"Catherine Oss, Rosemary Greenaway, Cindy Franklin",Tom Owen,,SHM1991,SHM1991,Samuel Holloway,,335,Return Again,,,,2026-07-20T16:34:41.761Z,4:34 PM,,,,
5,146,song,,e9ybap4i,,,National Sacred Harp Convention,2000-06-16,"Trinity United Methodist Church, Birmingham, Alabama",Buell Cobb,Mark Davis,Kathy Williams,,"Catherine Oss, Rosemary Greenaway, Cindy Franklin",Tom Owen,,SHM1991,SHM1991,Mary Gardner,,43,Primrose Hill,,,,2026-07-20T16:34:41.881Z,4:34 PM,,,,
5,147,song,,e9ybap4i,,,National Sacred Harp Convention,2000-06-16,"Trinity United Methodist Church, Birmingham, Alabama",Buell Cobb,Mark Davis,Kathy Williams,,"Catherine Oss, Rosemary Greenaway, Cindy Franklin",Tom Owen,,SHM1991,SHM1991,Lou Cotney,,222,Ocean,,,,2026-07-20T16:34:41.990Z,4:34 PM,,,,
5,148,song,,e9ybap4i,,,National Sacred Harp Convention,2000-06-16,"Trinity United Methodist Church, Birmingham, Alabama",Buell Cobb,Mark Davis,Kathy Williams,,"Catherine Oss, Rosemary Greenaway, Cindy Franklin",Tom Owen,,SHM1991,SHM1991,Ted Mercer,,564,Zion,,,,2026-07-20T16:34:42.089Z,4:34 PM,,,,
5,149,song,,e9ybap4i,,,National Sacred Harp Convention,2000-06-16,"Trinity United Methodist Church, Birmingham, Alabama",Buell Cobb,Mark Davis,Kathy Williams,,"Catherine Oss, Rosemary Greenaway, Cindy Franklin",Tom Owen,,SHM1991,SHM1991,Kshama Ananthapura,,319,Religion Is a Fortune,,,,2026-07-20T16:34:42.196Z,4:34 PM,,,,
5,150,song,,e9ybap4i,,,National Sacred Harp Convention,2000-06-16,"Trinity United Methodist Church, Birmingham, Alabama",Buell Cobb,Mark Davis,Kathy Williams,,"Catherine Oss, Rosemary Greenaway, Cindy Franklin",Tom Owen,,SHM1991,SHM1991,Charles Kitchens,,326,Weary Pilgrim,,,,2026-07-20T16:34:42.444Z,4:34 PM,,,,
5,151,song,,e9ybap4i,,,National Sacred Harp Convention,2000-06-16,"Trinity United Methodist Church, Birmingham, Alabama",Buell Cobb,Mark Davis,Kathy Williams,,"Catherine Oss, Rosemary Greenaway, Cindy Franklin",Tom Owen,,SHM1991,SHM1991,Julietta Haynes,,200,Edom,,,,2026-07-20T16:34:42.561Z,4:34 PM,,,,
5,152,song,,e9ybap4i,,,National Sacred Harp Convention,2000-06-16,"Trinity United Methodist Church, Birmingham, Alabama",Buell Cobb,Mark Davis,Kathy Williams,,"Catherine Oss, Rosemary Greenaway, Cindy Franklin",Tom Owen,,SHM1991,SHM1991,Rodney Ivey,,503,Lloyd,,,,2026-07-20T16:34:42.675Z,4:34 PM,,,,
5,153,song,,e9ybap4i,,,National Sacred Harp Convention,2000-06-16,"Trinity United Methodist Church, Birmingham, Alabama",Buell Cobb,Mark Davis,Kathy Williams,,"Catherine Oss, Rosemary Greenaway, Cindy Franklin",Tom Owen,,SHM1991,SHM1991,Ola Meadows,,426t,Kelley,,,,2026-07-20T16:34:42.792Z,4:34 PM,,,,
5,154,song,,e9ybap4i,,,National Sacred Harp Convention,2000-06-16,"Trinity United Methodist Church, Birmingham, Alabama",Buell Cobb,Mark Davis,Kathy Williams,,"Catherine Oss, Rosemary Greenaway, Cindy Franklin",Tom Owen,,SHM1991,SHM1991,Mark Brown,,29t,Fairfield,,,,2026-07-20T16:34:42.904Z,4:34 PM,,,,
5,155,song,,e9ybap4i,,,National Sacred Harp Convention,2000-06-16,"Trinity United Methodist Church, Birmingham, Alabama",Buell Cobb,Mark Davis,Kathy Williams,,"Catherine Oss, Rosemary Greenaway, Cindy Franklin",Tom Owen,,SHM1991,SHM1991,Shelbie Sheppard,,195,Worcester,,,,2026-07-20T16:34:43.017Z,4:34 PM,,,,
5,156,marker,,e9ybap4i,,,National Sacred Harp Convention,2000-06-16,"Trinity United Methodist Church, Birmingham, Alabama",Buell Cobb,Mark Davis,Kathy Williams,,"Catherine Oss, Rosemary Greenaway, Cindy Franklin",Tom Owen,,,,,,,,,,RECESS,2026-07-20T16:34:43.132Z,4:34 PM,,,,
5,157,song,,e9ybap4i,,,National Sacred Harp Convention,2000-06-16,"Trinity United Methodist Church, Birmingham, Alabama",Buell Cobb,Mark Davis,Kathy Williams,,"Catherine Oss, Rosemary Greenaway, Cindy Franklin",Tom Owen,,SHM1991,SHM1991,Louis Hughes,,31t,Ninety-Third Psalm,Call Back,Called the class back together,,2026-07-20T16:34:43.258Z,4:34 PM,,,,
5,158,song,,e9ybap4i,,,National Sacred Harp Convention,2000-06-16,"Trinity United Methodist Church, Birmingham, Alabama",Buell Cobb,Mark Davis,Kathy Williams,,"Catherine Oss, Rosemary Greenaway, Cindy Franklin",Tom Owen,,SHM1991,SHM1991,Linda Shea,,67,Columbus,,,,2026-07-20T16:34:43.420Z,4:34 PM,,,,
5,159,song,,e9ybap4i,,,National Sacred Harp Convention,2000-06-16,"Trinity United Methodist Church, Birmingham, Alabama",Buell Cobb,Mark Davis,Kathy Williams,,"Catherine Oss, Rosemary Greenaway, Cindy Franklin",Tom Owen,,SHM1991,SHM1991,Danny Creel,,269,Bear Creek,,,,2026-07-20T16:34:43.668Z,4:34 PM,,,,
5,160,song,,e9ybap4i,,,National Sacred Harp Convention,2000-06-16,"Trinity United Methodist Church, Birmingham, Alabama",Buell Cobb,Mark Davis,Kathy Williams,,"Catherine Oss, Rosemary Greenaway, Cindy Franklin",Tom Owen,,SHM1991,SHM1991,Betty Jones,,523,Pleyel's Hymn (Second),,,,2026-07-20T16:34:43.794Z,4:34 PM,,,,
5,161,song,,e9ybap4i,,,National Sacred Harp Convention,2000-06-16,"Trinity United Methodist Church, Birmingham, Alabama",Buell Cobb,Mark Davis,Kathy Williams,,"Catherine Oss, Rosemary Greenaway, Cindy Franklin",Tom Owen,,SHM1991,SHM1991,Liz Rogan,,542,I'll Seek His Blessings,,,,2026-07-20T16:34:43.923Z,4:34 PM,,,,
5,162,song,,e9ybap4i,,,National Sacred Harp Convention,2000-06-16,"Trinity United Methodist Church, Birmingham, Alabama",Buell Cobb,Mark Davis,Kathy Williams,,"Catherine Oss, Rosemary Greenaway, Cindy Franklin",Tom Owen,,SHM1991,SHM1991,Jeannette DePoy,,39b,Sharpsburg,,,,2026-07-20T16:34:44.054Z,4:34 PM,,,,
5,163,song,,e9ybap4i,,,National Sacred Harp Convention,2000-06-16,"Trinity United Methodist Church, Birmingham, Alabama",Buell Cobb,Mark Davis,Kathy Williams,,"Catherine Oss, Rosemary Greenaway, Cindy Franklin",Tom Owen,,SHM1991,SHM1991,Allison Schofield,,442,New Jordan,,,,2026-07-20T16:34:44.182Z,4:34 PM,,,,
5,164,song,,e9ybap4i,,,National Sacred Harp Convention,2000-06-16,"Trinity United Methodist Church, Birmingham, Alabama",Buell Cobb,Mark Davis,Kathy Williams,,"Catherine Oss, Rosemary Greenaway, Cindy Franklin",Tom Owen,,SHM1991,SHM1991,Hannah Roberts,,276,Bridgewater,,,,2026-07-20T16:34:44.314Z,4:34 PM,,,,
5,165,song,,e9ybap4i,,,National Sacred Harp Convention,2000-06-16,"Trinity United Methodist Church, Birmingham, Alabama",Buell Cobb,Mark Davis,Kathy Williams,,"Catherine Oss, Rosemary Greenaway, Cindy Franklin",Tom Owen,,SHM1991,SHM1991,Scott DePoy,,282,I'm Going Home,,,,2026-07-20T16:34:44.436Z,4:34 PM,,,,
5,166,song,,e9ybap4i,,,National Sacred Harp Convention,2000-06-16,"Trinity United Methodist Church, Birmingham, Alabama",Buell Cobb,Mark Davis,Kathy Williams,,"Catherine Oss, Rosemary Greenaway, Cindy Franklin",Tom Owen,,SHM1991,SHM1991,Matthew Wojcik,,532,Peace and Joy,,,,2026-07-20T16:34:44.565Z,4:34 PM,,,,
5,167,song,,e9ybap4i,,,National Sacred Harp Convention,2000-06-16,"Trinity United Methodist Church, Birmingham, Alabama",Buell Cobb,Mark Davis,Kathy Williams,,"Catherine Oss, Rosemary Greenaway, Cindy Franklin",Tom Owen,,SHM1991,SHM1991,Amber Springfield,,391,Sounding Joy,,,,2026-07-20T16:34:44.799Z,4:34 PM,,,,
5,168,song,,e9ybap4i,,,National Sacred Harp Convention,2000-06-16,"Trinity United Methodist Church, Birmingham, Alabama",Buell Cobb,Mark Davis,Kathy Williams,,"Catherine Oss, Rosemary Greenaway, Cindy Franklin",Tom Owen,,SHM1991,SHM1991,Janice Hecksel,,481,Novakoski,,,,2026-07-20T16:34:44.935Z,4:34 PM,,,,
5,169,song,,e9ybap4i,,,National Sacred Harp Convention,2000-06-16,"Trinity United Methodist Church, Birmingham, Alabama",Buell Cobb,Mark Davis,Kathy Williams,,"Catherine Oss, Rosemary Greenaway, Cindy Franklin",Tom Owen,,SHM1991,SHM1991,Duncan Vinson,,284,Garden Hymn,,,,2026-07-20T16:34:45.068Z,4:34 PM,,,,
5,170,song,,e9ybap4i,,,National Sacred Harp Convention,2000-06-16,"Trinity United Methodist Church, Birmingham, Alabama",Buell Cobb,Mark Davis,Kathy Williams,,"Catherine Oss, Rosemary Greenaway, Cindy Franklin",Tom Owen,,SHM1991,SHM1991,Barbara Swetman,,203,Florida,,,,2026-07-20T16:34:45.216Z,4:34 PM,,,,
5,171,song,,e9ybap4i,,,National Sacred Harp Convention,2000-06-16,"Trinity United Methodist Church, Birmingham, Alabama",Buell Cobb,Mark Davis,Kathy Williams,,"Catherine Oss, Rosemary Greenaway, Cindy Franklin",Tom Owen,,SHM1991,SHM1991,Ashley Keeton,,196,Alabama,,,,2026-07-20T16:34:45.358Z,4:34 PM,,,,
5,172,song,,e9ybap4i,,,National Sacred Harp Convention,2000-06-16,"Trinity United Methodist Church, Birmingham, Alabama",Buell Cobb,Mark Davis,Kathy Williams,,"Catherine Oss, Rosemary Greenaway, Cindy Franklin",Tom Owen,,SHM1991,SHM1991,Jesse Roberts,,299,New Jerusalem,,,,2026-07-20T16:34:45.494Z,4:34 PM,,,,
5,173,song,,e9ybap4i,,,National Sacred Harp Convention,2000-06-16,"Trinity United Methodist Church, Birmingham, Alabama",Buell Cobb,Mark Davis,Kathy Williams,,"Catherine Oss, Rosemary Greenaway, Cindy Franklin",Tom Owen,,SHM1991,SHM1991,"Buell Cobb, Mark Davis",Buell Cobb and Mark Davis,323t,Mullins,,Closing song for the day; Elder Ricky Harcrow led the closing prayer,,2026-07-20T16:34:45.645Z,4:34 PM,,,,
5,174,session,Saturday,fs3ma9nc,,,National Sacred Harp Convention,2000-06-17,"Trinity United Methodist Church, Birmingham, Alabama",Buell Cobb,Mark Davis,Kathy Williams,,"Catherine Oss, Rosemary Greenaway, Cindy Franklin",Tom Owen,,,,,,,,,,,2026-07-20T16:34:45.785Z,4:34 PM,,,,
5,175,song,,fs3ma9nc,,,National Sacred Harp Convention,2000-06-17,"Trinity United Methodist Church, Birmingham, Alabama",Buell Cobb,Mark Davis,Kathy Williams,,"Catherine Oss, Rosemary Greenaway, Cindy Franklin",Tom Owen,,OTHER,,Buell Cobb,,,Page 82 (top or bottom uncertain in original minutes),,Called the class to order; Louis Hughes led the opening prayer. Original minutes note page 82 with both t/b linked; which half isn't specified,,2026-07-20T16:34:46.025Z,4:34 PM,,,,
5,176,song,,fs3ma9nc,,,National Sacred Harp Convention,2000-06-17,"Trinity United Methodist Church, Birmingham, Alabama",Buell Cobb,Mark Davis,Kathy Williams,,"Catherine Oss, Rosemary Greenaway, Cindy Franklin",Tom Owen,,SHM1991,SHM1991,Kathy Williams,,180,Vermont,,,,2026-07-20T16:34:46.182Z,4:34 PM,,,,
5,177,song,,fs3ma9nc,,,National Sacred Harp Convention,2000-06-17,"Trinity United Methodist Church, Birmingham, Alabama",Buell Cobb,Mark Davis,Kathy Williams,,"Catherine Oss, Rosemary Greenaway, Cindy Franklin",Tom Owen,,SHM1991,SHM1991,John Redman,,362,Norwich,,,,2026-07-20T16:34:46.309Z,4:34 PM,,,,
5,178,song,,fs3ma9nc,,,National Sacred Harp Convention,2000-06-17,"Trinity United Methodist Church, Birmingham, Alabama",Buell Cobb,Mark Davis,Kathy Williams,,"Catherine Oss, Rosemary Greenaway, Cindy Franklin",Tom Owen,,SHM1991,SHM1991,Rosemary Greenaway,,171,Exhortation (First),,,,2026-07-20T16:34:46.453Z,4:34 PM,,,,
5,179,song,,fs3ma9nc,,,National Sacred Harp Convention,2000-06-17,"Trinity United Methodist Church, Birmingham, Alabama",Buell Cobb,Mark Davis,Kathy Williams,,"Catherine Oss, Rosemary Greenaway, Cindy Franklin",Tom Owen,,SHM1991,SHM1991,Tom Owen,,385t,Fight On,,,,2026-07-20T16:34:46.585Z,4:34 PM,,,,
5,180,song,,fs3ma9nc,,,National Sacred Harp Convention,2000-06-17,"Trinity United Methodist Church, Birmingham, Alabama",Buell Cobb,Mark Davis,Kathy Williams,,"Catherine Oss, Rosemary Greenaway, Cindy Franklin",Tom Owen,,SHM1991,SHM1991,Sharona Nelson,,66,Jordan (First),,,,2026-07-20T16:34:46.732Z,4:34 PM,,,,
5,181,song,,fs3ma9nc,,,National Sacred Harp Convention,2000-06-17,"Trinity United Methodist Church, Birmingham, Alabama",Buell Cobb,Mark Davis,Kathy Williams,,"Catherine Oss, Rosemary Greenaway, Cindy Franklin",Tom Owen,,SHM1991,SHM1991,Don Bowen,,350,Nativity,,,,2026-07-20T16:34:46.867Z,4:34 PM,,,,
5,182,song,,fs3ma9nc,,,National Sacred Harp Convention,2000-06-17,"Trinity United Methodist Church, Birmingham, Alabama",Buell Cobb,Mark Davis,Kathy Williams,,"Catherine Oss, Rosemary Greenaway, Cindy Franklin",Tom Owen,,SHM1991,SHM1991,Lee Rogers,,425,Golden Streets,,,,2026-07-20T16:34:47.021Z,4:34 PM,,,,
5,183,song,,fs3ma9nc,,,National Sacred Harp Convention,2000-06-17,"Trinity United Methodist Church, Birmingham, Alabama",Buell Cobb,Mark Davis,Kathy Williams,,"Catherine Oss, Rosemary Greenaway, Cindy Franklin",Tom Owen,,SHM1991,SHM1991,Richard Mauldin,,36b,Ninety-Fifth,,,,2026-07-20T16:34:47.273Z,4:34 PM,,,,
5,184,song,,fs3ma9nc,,,National Sacred Harp Convention,2000-06-17,"Trinity United Methodist Church, Birmingham, Alabama",Buell Cobb,Mark Davis,Kathy Williams,,"Catherine Oss, Rosemary Greenaway, Cindy Franklin",Tom Owen,,SHM1991,SHM1991,Catherine Oss,,189,Montgomery,,,,2026-07-20T16:34:47.429Z,4:34 PM,,,,
5,185,song,,fs3ma9nc,,,National Sacred Harp Convention,2000-06-17,"Trinity United Methodist Church, Birmingham, Alabama",Buell Cobb,Mark Davis,Kathy Williams,,"Catherine Oss, Rosemary Greenaway, Cindy Franklin",Tom Owen,,SHM1991,SHM1991,Teenie Moody,,430,Arbacoochee,,,,2026-07-20T16:34:47.642Z,4:34 PM,,,,
5,186,song,,fs3ma9nc,,,National Sacred Harp Convention,2000-06-17,"Trinity United Methodist Church, Birmingham, Alabama",Buell Cobb,Mark Davis,Kathy Williams,,"Catherine Oss, Rosemary Greenaway, Cindy Franklin",Tom Owen,,SHM1991,SHM1991,Gary Smith,,569b,Sacred Throne,,,,2026-07-20T16:34:47.823Z,4:34 PM,,,,
5,187,song,,fs3ma9nc,,,National Sacred Harp Convention,2000-06-17,"Trinity United Methodist Church, Birmingham, Alabama",Buell Cobb,Mark Davis,Kathy Williams,,"Catherine Oss, Rosemary Greenaway, Cindy Franklin",Tom Owen,,SHM1991,SHM1991,Toney Smith,,380,Lawrenceburg,,,,2026-07-20T16:34:47.980Z,4:34 PM,,,,
5,188,song,,fs3ma9nc,,,National Sacred Harp Convention,2000-06-17,"Trinity United Methodist Church, Birmingham, Alabama",Buell Cobb,Mark Davis,Kathy Williams,,"Catherine Oss, Rosemary Greenaway, Cindy Franklin",Tom Owen,,SHM1991,SHM1991,Bob Meek,,384,Panting For Heaven,,,,2026-07-20T16:34:48.139Z,4:34 PM,,,,
5,189,song,,fs3ma9nc,,,National Sacred Harp Convention,2000-06-17,"Trinity United Methodist Church, Birmingham, Alabama",Buell Cobb,Mark Davis,Kathy Williams,,"Catherine Oss, Rosemary Greenaway, Cindy Franklin",Tom Owen,,SHM1991,SHM1991,"Jim Crawford, Carol Crawford",Jim Crawford and Carol Crawford,268,David's Lamentation,,,,2026-07-20T16:34:48.301Z,4:34 PM,,,,
5,190,song,,fs3ma9nc,,,National Sacred Harp Convention,2000-06-17,"Trinity United Methodist Church, Birmingham, Alabama",Buell Cobb,Mark Davis,Kathy Williams,,"Catherine Oss, Rosemary Greenaway, Cindy Franklin",Tom Owen,,SHM1991,SHM1991,"Nate Green, Norma Green",Nate Green and Norma Green,389,Fredericksburg,,,,2026-07-20T16:34:48.586Z,4:34 PM,,,,
5,191,song,,fs3ma9nc,,,National Sacred Harp Convention,2000-06-17,"Trinity United Methodist Church, Birmingham, Alabama",Buell Cobb,Mark Davis,Kathy Williams,,"Catherine Oss, Rosemary Greenaway, Cindy Franklin",Tom Owen,,SHM1991,SHM1991,Phillip Langley,,112,The Last Words of Copernicus,,,,2026-07-20T16:34:48.740Z,4:34 PM,,,,
5,192,song,,fs3ma9nc,,,National Sacred Harp Convention,2000-06-17,"Trinity United Methodist Church, Birmingham, Alabama",Buell Cobb,Mark Davis,Kathy Williams,,"Catherine Oss, Rosemary Greenaway, Cindy Franklin",Tom Owen,,SHM1991,SHM1991,Merle Mateika,,475,A Thankful Heart,,,,2026-07-20T16:34:48.902Z,4:34 PM,,,,
5,193,song,,fs3ma9nc,,,National Sacred Harp Convention,2000-06-17,"Trinity United Methodist Church, Birmingham, Alabama",Buell Cobb,Mark Davis,Kathy Williams,,"Catherine Oss, Rosemary Greenaway, Cindy Franklin",Tom Owen,,SHM1991,SHM1991,Laura Clawson,,72b,Bellevue,,,,2026-07-20T16:34:49.046Z,4:34 PM,,,,
5,194,marker,,fs3ma9nc,,,National Sacred Harp Convention,2000-06-17,"Trinity United Methodist Church, Birmingham, Alabama",Buell Cobb,Mark Davis,Kathy Williams,,"Catherine Oss, Rosemary Greenaway, Cindy Franklin",Tom Owen,,,,,,,,,,RECESS,2026-07-20T16:34:49.195Z,4:34 PM,,,,
5,195,song,,fs3ma9nc,,,National Sacred Harp Convention,2000-06-17,"Trinity United Methodist Church, Birmingham, Alabama",Buell Cobb,Mark Davis,Kathy Williams,,"Catherine Oss, Rosemary Greenaway, Cindy Franklin",Tom Owen,,SHM1991,SHM1991,Seth Holloway,,354b,Happy Land,Call Back,Called the class to order,,2026-07-20T16:34:49.352Z,4:34 PM,,,,
5,196,song,,fs3ma9nc,,,National Sacred Harp Convention,2000-06-17,"Trinity United Methodist Church, Birmingham, Alabama",Buell Cobb,Mark Davis,Kathy Williams,,"Catherine Oss, Rosemary Greenaway, Cindy Franklin",Tom Owen,,SHM1991,SHM1991,David Ivey,,135,Olney,,,,2026-07-20T16:34:49.503Z,4:34 PM,,,,
5,197,song,,fs3ma9nc,,,National Sacred Harp Convention,2000-06-17,"Trinity United Methodist Church, Birmingham, Alabama",Buell Cobb,Mark Davis,Kathy Williams,,"Catherine Oss, Rosemary Greenaway, Cindy Franklin",Tom Owen,,SHM1991,SHM1991,Mirjana Lausevic,,131b,Invocation (First),,,,2026-07-20T16:34:49.646Z,4:34 PM,,,,
5,198,song,,fs3ma9nc,,,National Sacred Harp Convention,2000-06-17,"Trinity United Methodist Church, Birmingham, Alabama",Buell Cobb,Mark Davis,Kathy Williams,,"Catherine Oss, Rosemary Greenaway, Cindy Franklin",Tom Owen,,SHM1991,SHM1991,Jim Carnes,,35,Saints Bound For Heaven,,,,2026-07-20T16:34:49.957Z,4:34 PM,,,,
5,199,song,,fs3ma9nc,,,National Sacred Harp Convention,2000-06-17,"Trinity United Methodist Church, Birmingham, Alabama",Buell Cobb,Mark Davis,Kathy Williams,,"Catherine Oss, Rosemary Greenaway, Cindy Franklin",Tom Owen,,SHM1991,SHM1991,"Tommy George, Jarrod George",Tommy George and Jarrod George,146,Hallelujah,,,,2026-07-20T16:34:50.118Z,4:34 PM,,,,
5,200,song,,fs3ma9nc,,,National Sacred Harp Convention,2000-06-17,"Trinity United Methodist Church, Birmingham, Alabama",Buell Cobb,Mark Davis,Kathy Williams,,"Catherine Oss, Rosemary Greenaway, Cindy Franklin",Tom Owen,,SHM1991,SHM1991,John Plunkett,,308,Parting Friends (Second),,,,2026-07-20T16:34:50.260Z,4:34 PM,,,,
5,201,song,,fs3ma9nc,,,National Sacred Harp Convention,2000-06-17,"Trinity United Methodist Church, Birmingham, Alabama",Buell Cobb,Mark Davis,Kathy Williams,,"Catherine Oss, Rosemary Greenaway, Cindy Franklin",Tom Owen,,SHM1991,SHM1991,Mary Smith,,302,Logan,,,,2026-07-20T16:34:50.418Z,4:34 PM,,,,
5,202,song,,fs3ma9nc,,,National Sacred Harp Convention,2000-06-17,"Trinity United Methodist Church, Birmingham, Alabama",Buell Cobb,Mark Davis,Kathy Williams,,"Catherine Oss, Rosemary Greenaway, Cindy Franklin",Tom Owen,,SHM1991,SHM1991,Denise Morris,,184,Enfield,,,,2026-07-20T16:34:50.573Z,4:34 PM,,,,
5,203,song,,fs3ma9nc,,,National Sacred Harp Convention,2000-06-17,"Trinity United Methodist Church, Birmingham, Alabama",Buell Cobb,Mark Davis,Kathy Williams,,"Catherine Oss, Rosemary Greenaway, Cindy Franklin",Tom Owen,,SHM1991,SHM1991,Sarah Beasley Smith,,108t,Weeping Sinners,,,,2026-07-20T16:34:50.725Z,4:34 PM,,,,
5,204,song,,fs3ma9nc,,,National Sacred Harp Convention,2000-06-17,"Trinity United Methodist Church, Birmingham, Alabama",Buell Cobb,Mark Davis,Kathy Williams,,"Catherine Oss, Rosemary Greenaway, Cindy Franklin",Tom Owen,,SHM1991,SHM1991,Allison Ivey,,300,Calvary,,,,2026-07-20T16:34:50.884Z,4:34 PM,,,,
5,205,song,,fs3ma9nc,,,National Sacred Harp Convention,2000-06-17,"Trinity United Methodist Church, Birmingham, Alabama",Buell Cobb,Mark Davis,Kathy Williams,,"Catherine Oss, Rosemary Greenaway, Cindy Franklin",Tom Owen,,SHM1991,SHM1991,Jeff Colby,,335,Return Again,,,,2026-07-20T16:34:51.046Z,4:34 PM,,,,
5,206,song,,fs3ma9nc,,,National Sacred Harp Convention,2000-06-17,"Trinity United Methodist Church, Birmingham, Alabama",Buell Cobb,Mark Davis,Kathy Williams,,"Catherine Oss, Rosemary Greenaway, Cindy Franklin",Tom Owen,,SHM1991,SHM1991,Betty Wright,,323b,Soft Music,,,,2026-07-20T16:34:51.326Z,4:34 PM,,,,
5,207,song,,fs3ma9nc,,,National Sacred Harp Convention,2000-06-17,"Trinity United Methodist Church, Birmingham, Alabama",Buell Cobb,Mark Davis,Kathy Williams,,"Catherine Oss, Rosemary Greenaway, Cindy Franklin",Tom Owen,,SHM1991,SHM1991,Eloise Watkins,,34b,St. Thomas,,,,2026-07-20T16:34:51.493Z,4:34 PM,,,,
5,208,song,,fs3ma9nc,,,National Sacred Harp Convention,2000-06-17,"Trinity United Methodist Church, Birmingham, Alabama",Buell Cobb,Mark Davis,Kathy Williams,,"Catherine Oss, Rosemary Greenaway, Cindy Franklin",Tom Owen,,SHM1991,SHM1991,David Carlton,,106,Ecstasy,,,,2026-07-20T16:34:51.658Z,4:34 PM,,,,
5,209,song,,fs3ma9nc,,,National Sacred Harp Convention,2000-06-17,"Trinity United Methodist Church, Birmingham, Alabama",Buell Cobb,Mark Davis,Kathy Williams,,"Catherine Oss, Rosemary Greenaway, Cindy Franklin",Tom Owen,,SHM1991,SHM1991,Tim Reynolds,,86,Poland,,,,2026-07-20T16:34:51.810Z,4:34 PM,,,,
5,210,marker,,fs3ma9nc,,,National Sacred Harp Convention,2000-06-17,"Trinity United Methodist Church, Birmingham, Alabama",Buell Cobb,Mark Davis,Kathy Williams,,"Catherine Oss, Rosemary Greenaway, Cindy Franklin",Tom Owen,,,,,,,,,,RECESS,2026-07-20T16:34:51.976Z,4:34 PM,,,,
5,211,song,,fs3ma9nc,,,National Sacred Harp Convention,2000-06-17,"Trinity United Methodist Church, Birmingham, Alabama",Buell Cobb,Mark Davis,Kathy Williams,,"Catherine Oss, Rosemary Greenaway, Cindy Franklin",Tom Owen,,SHM1991,SHM1991,Richard DeLong,,134,The Christian's Hope,Call Back,Called the class back,,2026-07-20T16:34:52.152Z,4:34 PM,,,,
5,212,song,,fs3ma9nc,,,National Sacred Harp Convention,2000-06-17,"Trinity United Methodist Church, Birmingham, Alabama",Buell Cobb,Mark Davis,Kathy Williams,,"Catherine Oss, Rosemary Greenaway, Cindy Franklin",Tom Owen,,SHM1991,SHM1991,Susan Harcrow,,178,Africa,,,,2026-07-20T16:34:52.318Z,4:34 PM,,,,
5,213,song,,fs3ma9nc,,,National Sacred Harp Convention,2000-06-17,"Trinity United Methodist Church, Birmingham, Alabama",Buell Cobb,Mark Davis,Kathy Williams,,"Catherine Oss, Rosemary Greenaway, Cindy Franklin",Tom Owen,,SHM1991,SHM1991,Sandie Scott,,40,Lenox,,,,2026-07-20T16:34:52.691Z,4:34 PM,,,,
5,214,song,,fs3ma9nc,,,National Sacred Harp Convention,2000-06-17,"Trinity United Methodist Church, Birmingham, Alabama",Buell Cobb,Mark Davis,Kathy Williams,,"Catherine Oss, Rosemary Greenaway, Cindy Franklin",Tom Owen,,SHM1991,SHM1991,Mike Hinton,,235,Long Sought Home,Memorial,"Memorial lesson. Lee Rogers gave opening remarks; Kelly House spoke in memory of her sister Karen House; Mike Hinton spoke on the hollow square. Deceased: Homer Brothers, Virgil Phillips, Alice Williams, Everette Kilgo, Williard Hooper, James Theo Grayson, Ester Wall Brown, Antoinette Swetman, Dr. Clyde Terrell, Dot Long — Alabama; Dollie DeLong Hudgins, Allene Lambert Stanford, Lizzie Ralston — Georgia; Alice Kuiper — Illinois; Susan Hildreth, Vivian Roberts — North Carolina; Duward Scarbrough, Ruby Easley, Neeva Dee Mayes — Mississippi; Patrick Waddell — California; Martin Ambrose — Kentucky; Chris Randgaard — Minnesota; Karen House, Karen Hamilton — New York; Catherine Dorsey — Ohio; Ed Craig — Texas; Tommie Lee Frederick Wigington — Virginia; Leslie Wragg — United Kingdom",,2026-07-20T16:34:52.877Z,4:34 PM,,,,
5,215,song,,fs3ma9nc,,,National Sacred Harp Convention,2000-06-17,"Trinity United Methodist Church, Birmingham, Alabama",Buell Cobb,Mark Davis,Kathy Williams,,"Catherine Oss, Rosemary Greenaway, Cindy Franklin",Tom Owen,,SHM1991,SHM1991,Jeb Owen,,68b,Ortonville,Special,For the sick and homebound. Chaplain Tom Owen led prayer to close the memorial lesson,,2026-07-20T16:34:53.064Z,4:34 PM,,,,
5,216,song,,fs3ma9nc,,,National Sacred Harp Convention,2000-06-17,"Trinity United Methodist Church, Birmingham, Alabama",Buell Cobb,Mark Davis,Kathy Williams,,"Catherine Oss, Rosemary Greenaway, Cindy Franklin",Tom Owen,,SHM1991,SHM1991,Elene Stovall,,440,North Salem,,Elder Jesse Roberts led the prayer before lunch,,2026-07-20T16:34:53.250Z,4:34 PM,,,,
5,217,marker,,fs3ma9nc,,,National Sacred Harp Convention,2000-06-17,"Trinity United Methodist Church, Birmingham, Alabama",Buell Cobb,Mark Davis,Kathy Williams,,"Catherine Oss, Rosemary Greenaway, Cindy Franklin",Tom Owen,,,,,,,,,,LUNCH,2026-07-20T16:34:53.429Z,4:34 PM,,,,
5,218,song,,fs3ma9nc,,,National Sacred Harp Convention,2000-06-17,"Trinity United Methodist Church, Birmingham, Alabama",Buell Cobb,Mark Davis,Kathy Williams,,"Catherine Oss, Rosemary Greenaway, Cindy Franklin",Tom Owen,,SHM1991,SHM1991,Dennis George,,220,Mount Zion (Second),Call Back,Called the afternoon session together,,2026-07-20T16:34:53.600Z,4:34 PM,,,,
5,219,song,,fs3ma9nc,,,National Sacred Harp Convention,2000-06-17,"Trinity United Methodist Church, Birmingham, Alabama",Buell Cobb,Mark Davis,Kathy Williams,,"Catherine Oss, Rosemary Greenaway, Cindy Franklin",Tom Owen,,SHM1991,SHM1991,Karen Ivey,,405,The Marcellas,,,,2026-07-20T16:34:53.775Z,4:34 PM,,,,
5,220,song,,fs3ma9nc,,,National Sacred Harp Convention,2000-06-17,"Trinity United Methodist Church, Birmingham, Alabama",Buell Cobb,Mark Davis,Kathy Williams,,"Catherine Oss, Rosemary Greenaway, Cindy Franklin",Tom Owen,,SHM1991,SHM1991,Hugh McGraw,,413,The Loved Ones,,,,2026-07-20T16:34:53.935Z,4:34 PM,,,,
5,221,song,,fs3ma9nc,,,National Sacred Harp Convention,2000-06-17,"Trinity United Methodist Church, Birmingham, Alabama",Buell Cobb,Mark Davis,Kathy Williams,,"Catherine Oss, Rosemary Greenaway, Cindy Franklin",Tom Owen,,SHM1991,SHM1991,Jarrod George,,358,Murillo's Lesson,,,,2026-07-20T16:34:54.202Z,4:34 PM,,,,
5,222,song,,fs3ma9nc,,,National Sacred Harp Convention,2000-06-17,"Trinity United Methodist Church, Birmingham, Alabama",Buell Cobb,Mark Davis,Kathy Williams,,"Catherine Oss, Rosemary Greenaway, Cindy Franklin",Tom Owen,,SHM1991,SHM1991,Dorothea McCowan,,304,Morgan,,,,2026-07-20T16:34:54.364Z,4:34 PM,,,,
5,223,song,,fs3ma9nc,,,National Sacred Harp Convention,2000-06-17,"Trinity United Methodist Church, Birmingham, Alabama",Buell Cobb,Mark Davis,Kathy Williams,,"Catherine Oss, Rosemary Greenaway, Cindy Franklin",Tom Owen,,SHM1991,SHM1991,Pam Nunn,,236,Easter Anthem,,,,2026-07-20T16:34:54.542Z,4:34 PM,,,,
5,224,song,,fs3ma9nc,,,National Sacred Harp Convention,2000-06-17,"Trinity United Methodist Church, Birmingham, Alabama",Buell Cobb,Mark Davis,Kathy Williams,,"Catherine Oss, Rosemary Greenaway, Cindy Franklin",Tom Owen,,SHM1991,SHM1991,Judy Mincey,,501,O'Leary,,,,2026-07-20T16:34:54.708Z,4:34 PM,,,,
5,225,song,,fs3ma9nc,,,National Sacred Harp Convention,2000-06-17,"Trinity United Methodist Church, Birmingham, Alabama",Buell Cobb,Mark Davis,Kathy Williams,,"Catherine Oss, Rosemary Greenaway, Cindy Franklin",Tom Owen,,SHM1991,SHM1991,Margie Dietz,,312b,Restoration (Second),,,,2026-07-20T16:34:54.886Z,4:34 PM,,,,
5,226,song,,fs3ma9nc,,,National Sacred Harp Convention,2000-06-17,"Trinity United Methodist Church, Birmingham, Alabama",Buell Cobb,Mark Davis,Kathy Williams,,"Catherine Oss, Rosemary Greenaway, Cindy Franklin",Tom Owen,,SHM1991,SHM1991,Daryl Chesney,,163t,Morning,,,,2026-07-20T16:34:55.064Z,4:34 PM,,,,
5,227,song,,fs3ma9nc,,,National Sacred Harp Convention,2000-06-17,"Trinity United Methodist Church, Birmingham, Alabama",Buell Cobb,Mark Davis,Kathy Williams,,"Catherine Oss, Rosemary Greenaway, Cindy Franklin",Tom Owen,,SHM1991,SHM1991,Jesse Roberts,,379,Span of Life,,,,2026-07-20T16:34:55.352Z,4:34 PM,,,,
5,228,song,,fs3ma9nc,,,National Sacred Harp Convention,2000-06-17,"Trinity United Methodist Church, Birmingham, Alabama",Buell Cobb,Mark Davis,Kathy Williams,,"Catherine Oss, Rosemary Greenaway, Cindy Franklin",Tom Owen,,SHM1991,SHM1991,Carroll Lunsford,,153,Resurrected,,,,2026-07-20T16:34:55.527Z,4:34 PM,,,,
5,229,song,,fs3ma9nc,,,National Sacred Harp Convention,2000-06-17,"Trinity United Methodist Church, Birmingham, Alabama",Buell Cobb,Mark Davis,Kathy Williams,,"Catherine Oss, Rosemary Greenaway, Cindy Franklin",Tom Owen,,SHM1991,SHM1991,Odom Hawkins,,32t,Corinth,,,,2026-07-20T16:34:55.745Z,4:34 PM,,,,
5,230,song,,fs3ma9nc,,,National Sacred Harp Convention,2000-06-17,"Trinity United Methodist Church, Birmingham, Alabama",Buell Cobb,Mark Davis,Kathy Williams,,"Catherine Oss, Rosemary Greenaway, Cindy Franklin",Tom Owen,,SHM1991,SHM1991,Helen Brown,,446,Infinite Day,,,,2026-07-20T16:34:55.920Z,4:34 PM,,,,
5,231,song,,fs3ma9nc,,,National Sacred Harp Convention,2000-06-17,"Trinity United Methodist Church, Birmingham, Alabama",Buell Cobb,Mark Davis,Kathy Williams,,"Catherine Oss, Rosemary Greenaway, Cindy Franklin",Tom Owen,,SHM1991,SHM1991,Rodney Ivey,,186,Sherburne,,,,2026-07-20T16:34:56.092Z,4:34 PM,,,,
5,232,song,,fs3ma9nc,,,National Sacred Harp Convention,2000-06-17,"Trinity United Methodist Church, Birmingham, Alabama",Buell Cobb,Mark Davis,Kathy Williams,,"Catherine Oss, Rosemary Greenaway, Cindy Franklin",Tom Owen,,SHM1991,SHM1991,Allison Schofield,,448t,Consecration,,,,2026-07-20T16:34:56.251Z,4:34 PM,,,,
5,233,song,,fs3ma9nc,,,National Sacred Harp Convention,2000-06-17,"Trinity United Methodist Church, Birmingham, Alabama",Buell Cobb,Mark Davis,Kathy Williams,,"Catherine Oss, Rosemary Greenaway, Cindy Franklin",Tom Owen,,SHM1991,SHM1991,Amanda Denson,,272,Exhortation (Second),,,,2026-07-20T16:34:56.420Z,4:34 PM,,,,
5,234,marker,,fs3ma9nc,,,National Sacred Harp Convention,2000-06-17,"Trinity United Methodist Church, Birmingham, Alabama",Buell Cobb,Mark Davis,Kathy Williams,,"Catherine Oss, Rosemary Greenaway, Cindy Franklin",Tom Owen,,,,,,,,,,RECESS,2026-07-20T16:34:56.581Z,4:34 PM,,,,
5,235,song,,fs3ma9nc,,,National Sacred Harp Convention,2000-06-17,"Trinity United Methodist Church, Birmingham, Alabama",Buell Cobb,Mark Davis,Kathy Williams,,"Catherine Oss, Rosemary Greenaway, Cindy Franklin",Tom Owen,,SHM1991,SHM1991,Warren Steel,,179,The Christian Warfare,Call Back,Reconvened the session,,2026-07-20T16:34:56.892Z,4:34 PM,,,,
5,236,song,,fs3ma9nc,,,National Sacred Harp Convention,2000-06-17,"Trinity United Methodist Church, Birmingham, Alabama",Buell Cobb,Mark Davis,Kathy Williams,,"Catherine Oss, Rosemary Greenaway, Cindy Franklin",Tom Owen,,SHM1991,SHM1991,Janice Hecksel,,419,Melancholy Day,,,,2026-07-20T16:34:57.078Z,4:34 PM,,,,
5,237,song,,fs3ma9nc,,,National Sacred Harp Convention,2000-06-17,"Trinity United Methodist Church, Birmingham, Alabama",Buell Cobb,Mark Davis,Kathy Williams,,"Catherine Oss, Rosemary Greenaway, Cindy Franklin",Tom Owen,,SHM1991,SHM1991,Kelly House,,556,Portland,,,,2026-07-20T16:34:57.258Z,4:34 PM,,,,
5,238,song,,fs3ma9nc,,,National Sacred Harp Convention,2000-06-17,"Trinity United Methodist Church, Birmingham, Alabama",Buell Cobb,Mark Davis,Kathy Williams,,"Catherine Oss, Rosemary Greenaway, Cindy Franklin",Tom Owen,,SHM1991,SHM1991,Lou Cotney,,172,Harmony,,,,2026-07-20T16:34:57.419Z,4:34 PM,,,,
5,239,song,,fs3ma9nc,,,National Sacred Harp Convention,2000-06-17,"Trinity United Methodist Church, Birmingham, Alabama",Buell Cobb,Mark Davis,Kathy Williams,,"Catherine Oss, Rosemary Greenaway, Cindy Franklin",Tom Owen,,SHM1991,SHM1991,Anne Kazlauskas,,173,Phoebus,,,,2026-07-20T16:34:57.600Z,4:34 PM,,,,
5,240,song,,fs3ma9nc,,,National Sacred Harp Convention,2000-06-17,"Trinity United Methodist Church, Birmingham, Alabama",Buell Cobb,Mark Davis,Kathy Williams,,"Catherine Oss, Rosemary Greenaway, Cindy Franklin",Tom Owen,,SHM1991,SHM1991,Sharon Kellam,,38b,Windham,,,,2026-07-20T16:34:57.770Z,4:34 PM,,,,
5,241,song,,fs3ma9nc,,,National Sacred Harp Convention,2000-06-17,"Trinity United Methodist Church, Birmingham, Alabama",Buell Cobb,Mark Davis,Kathy Williams,,"Catherine Oss, Rosemary Greenaway, Cindy Franklin",Tom Owen,,SHM1991,SHM1991,Bradford West,,282,I'm Going Home,,,,2026-07-20T16:34:57.933Z,4:34 PM,,,,
5,242,song,,fs3ma9nc,,,National Sacred Harp Convention,2000-06-17,"Trinity United Methodist Church, Birmingham, Alabama",Buell Cobb,Mark Davis,Kathy Williams,,"Catherine Oss, Rosemary Greenaway, Cindy Franklin",Tom Owen,,SHM1991,SHM1991,Regina Foster,,120,Chambers,,,,2026-07-20T16:34:58.227Z,4:34 PM,,,,
5,243,song,,fs3ma9nc,,,National Sacred Harp Convention,2000-06-17,"Trinity United Methodist Church, Birmingham, Alabama",Buell Cobb,Mark Davis,Kathy Williams,,"Catherine Oss, Rosemary Greenaway, Cindy Franklin",Tom Owen,,SHM1991,SHM1991,Allen Fannin,,70b,"Save, Mighty Lord",,,,2026-07-20T16:34:58.475Z,4:34 PM,,,,
5,244,song,,fs3ma9nc,,,National Sacred Harp Convention,2000-06-17,"Trinity United Methodist Church, Birmingham, Alabama",Buell Cobb,Mark Davis,Kathy Williams,,"Catherine Oss, Rosemary Greenaway, Cindy Franklin",Tom Owen,,SHM1991,SHM1991,Matthew Wojcik,,56b,Villulia,,,,2026-07-20T16:34:58.662Z,4:34 PM,,,,
5,245,song,,fs3ma9nc,,,National Sacred Harp Convention,2000-06-17,"Trinity United Methodist Church, Birmingham, Alabama",Buell Cobb,Mark Davis,Kathy Williams,,"Catherine Oss, Rosemary Greenaway, Cindy Franklin",Tom Owen,,SHM1991,SHM1991,Cathryn Baker,,361,Loving Jesus,,,,2026-07-20T16:34:58.855Z,4:34 PM,,,,
5,246,song,,fs3ma9nc,,,National Sacred Harp Convention,2000-06-17,"Trinity United Methodist Church, Birmingham, Alabama",Buell Cobb,Mark Davis,Kathy Williams,,"Catherine Oss, Rosemary Greenaway, Cindy Franklin",Tom Owen,,SHM1991,SHM1991,Freeman Wootten,,277,Antioch,,,,2026-07-20T16:34:59.050Z,4:34 PM,,,,
5,247,song,,fs3ma9nc,,,National Sacred Harp Convention,2000-06-17,"Trinity United Methodist Church, Birmingham, Alabama",Buell Cobb,Mark Davis,Kathy Williams,,"Catherine Oss, Rosemary Greenaway, Cindy Franklin",Tom Owen,,SHM1991,SHM1991,Peter Irvine,,378b,Never Turn Back,,,,2026-07-20T16:34:59.241Z,4:34 PM,,,,
5,248,marker,,fs3ma9nc,,,National Sacred Harp Convention,2000-06-17,"Trinity United Methodist Church, Birmingham, Alabama",Buell Cobb,Mark Davis,Kathy Williams,,"Catherine Oss, Rosemary Greenaway, Cindy Franklin",Tom Owen,,,,Committee Chairs,,,,,"Business session: Finance Committee (Don Bowen, John Redman) reported all expenses covered. Resolutions Committee (Sharona Nelson, Richard K. Mauldin Jr.) gave thanks to the Creator, to those who prepared food and rooms, to officers and committees, to Trinity United Methodist Church, and to all who attended in person or in spirit; resolved to meet again next year. Secretary's Report (Kathy Williams): 429 people from 25 states, Washington D.C., and England registered over the three days; 115 leaders led 237 songs. By state/country: Alabama 276, Georgia 27, Tennessee 16, Massachusetts 14, Texas 13, Florida 9, North Carolina 8, Mississippi 8, Kentucky 8, Illinois 8, Minnesota 6, California 5, Wisconsin 5, New York 4, Rhode Island 4, Indiana 3, England 3, Washington DC 2, Ohio 2, Connecticut 1, Arizona 1, Oregon 1, New Jersey 1, Maryland 1, Washington 1, South Carolina 1, Louisiana 1. A motion was made and carried that the reports be accepted and added to the minutes. The business session was closed.",BUSINESS MEETING,2026-07-20T16:34:59.442Z,4:34 PM,,,,
5,249,song,,fs3ma9nc,,,National Sacred Harp Convention,2000-06-17,"Trinity United Methodist Church, Birmingham, Alabama",Buell Cobb,Mark Davis,Kathy Williams,,"Catherine Oss, Rosemary Greenaway, Cindy Franklin",Tom Owen,,SHM1991,SHM1991,Officers,,62,Parting Hand,,"Closing song as the singers took the parting hand to close the convention; Chaplain Tom Owen led the closing prayer Following the singing, a large group of singers made the traditional trip to Alabama Folk Life Festival's City Stages to present a program of Sacred Harp music.",,2026-07-20T16:34:59.846Z,4:34 PM,,,,
5,250,metadata,,,meta.ordinal,twenty-first,,,,,,,,,,,,,,,,,,,,,,,,,
5,251,metadata,,,meta.books,The Sacred Harp: 1991 Edition and other sources,,,,,,,,,,,,,,,,,,,,,,,,,
5,252,metadata,,,meta.suiteVersion,1.0.0-beta.32,,,,,,,,,,,,,,,,,,,,,,,,,
5,253,metadata,,,nameMap.freemanwoottenjewellwootten,Freeman Wootten and Jewell Wootten,,,,,,,,,,,,,,,,,,,,,,,,,
5,254,metadata,,,nameMap.wandacappsshelleycapps,Wanda Capps and Shelley Capps,,,,,,,,,,,,,,,,,,,,,,,,,
5,255,metadata,,,nameMap.buellcobbmarkdavis,Buell Cobb and Mark Davis,,,,,,,,,,,,,,,,,,,,,,,,,
5,256,metadata,,,nameMap.jimcrawfordcarolcrawford,Jim Crawford and Carol Crawford,,,,,,,,,,,,,,,,,,,,,,,,,
5,257,metadata,,,nameMap.nategreennormagreen,Nate Green and Norma Green,,,,,,,,,,,,,,,,,,,,,,,,,
5,258,metadata,,,nameMap.tommygeorgejarrodgeorge,Tommy George and Jarrod George,,,,,,,,,,,,,,,,,,,,,,,,,
5,259,metadata,,,lists.deceased,"Homer Brothers, Virgil Phillips, Alice Williams, Everette Kilgo, Williard Hooper, James Theo Grayson, Ester Wall Brown, Antoinette Swetman, Dr. Clyde Terrell, Dot Long — Alabama
Dollie DeLong Hudgins, Allene Lambert Stanford, Lizzie Ralston — Georgia
Alice Kuiper — Illinois
Susan Hildreth, Vivian Roberts — North Carolina
Duward Scarbrough, Ruby Easley, Neeva Dee Mayes — Mississippi
Patrick Waddell — California
Martin Ambrose — Kentucky
Chris Randgaard — Minnesota
Karen House, Karen Hamilton — New York
Catherine Dorsey — Ohio
Ed Craig — Texas
Tommie Lee Frederick Wigington — Virginia
Leslie Wragg — United Kingdom",,,,,,,,,,,,,,,,,,,,,,,,,
5,260,metadata,,,lists.memremarks,"Lee Rogers made opening remarks, recalling singers who had died in the past year and reflecting on how each had shaped the tradition. Kelly House spoke in memory of her sister, Karen House, and how much the Sacred Harp community had meant to them both. Mike Hinton reflected on the significance of the hollow square in Sacred Harp tradition, and on the singers being remembered this year.",,,,,,,,,,,,,,,,,,,,,,,,,